,OR,ic_lo,ic_hi,p
nota_p1,0.3870662607879185,0.3171038918901882,0.4724643691608273,1.0472808544271727e-20
reprobaciones_previas,1.2902189700004818,0.8441049360550865,1.9721066889253067,0.2391649999095612
tiempo_estudio,1.2612683832631524,0.9009416780032614,1.7657057870215294,0.17629378639379067
edad,0.9816026909875851,0.7849790206495532,1.2274771906091924,0.8706644673596101
salidas,1.2366363086213326,0.954443798825826,1.602262345548193,0.10802135540025891
alcohol_finde,0.980972197558463,0.7757925179994711,1.2404172894889098,0.8725194040416876
asignatura_POR,0.2853496945472499,0.16411350825429993,0.496147142574264,8.856721311600951e-06
escuela_MS,1.3850906135441656,0.7550923691850769,2.5407169851267897,0.2926025062391444
sexo_M,1.418848869484755,0.8158416635276139,2.4675524730296257,0.2153144200684185
desea_superior,0.42026553777378367,0.18754638805913146,0.9417569917934123,0.035227737934833886
apoyo_escolar,0.9370380862919043,0.36017084912280867,2.4378440878823207,0.893952058913501
zona_rural,0.9458930810491993,0.527923962973933,1.6947776261880447,0.8517005724889634
