escenario,descripcion,modelo,cv_auc_roc,cv_auc_roc_de,cv_auc_pr,cv_auc_pr_de,umbral,auc_roc,auc_pr,recall,precision,f1,especificidad,brier,tp,fp,fn,tn,auc_ic_lo,auc_ic_hi
C_matricula,Antecedentes al matricular (sin notas),Regresión logística,0.775096,0.029322,0.481419,0.086442,0.159506,0.737547,0.531647,0.686275,0.376344,0.486111,0.639752,0.157568,35,58,16,103,0.663824,0.804458
C_matricula,Antecedentes al matricular (sin notas),Random forest,0.798956,0.047611,0.508497,0.122895,0.211267,0.750091,0.56309,0.666667,0.377778,0.48227,0.652174,0.153707,34,56,17,105,0.675955,0.81707
C_matricula,Antecedentes al matricular (sin notas),Gradient boosting,0.784861,0.030178,0.489541,0.109162,0.146406,0.761783,0.556881,0.745098,0.358491,0.484076,0.57764,0.152612,38,68,13,93,0.689195,0.823785
A_corte_P1,Corte P1: + G1 (principal),Línea base (prior),0.5,0.0,0.21516,0.033843,0.5,0.5,0.240566,0.0,0.0,0.0,1.0,0.18334,0,0,51,161,0.5,0.5
A_corte_P1,Corte P1: + G1 (principal),Regresión logística,0.923691,0.011023,0.762486,0.072884,0.233425,0.94824,0.853294,0.901961,0.666667,0.766667,0.857143,0.080423,46,23,5,138,0.917985,0.971575
A_corte_P1,Corte P1: + G1 (principal),Random forest,0.92145,0.018386,0.739408,0.071582,0.310674,0.940446,0.844998,0.882353,0.714286,0.789474,0.888199,0.097354,45,18,6,143,0.90426,0.969459
A_corte_P1,Corte P1: + G1 (principal),Gradient boosting,0.924982,0.007237,0.7614,0.04139,0.296353,0.943978,0.83003,0.921569,0.671429,0.77686,0.857143,0.082771,47,23,4,138,0.915203,0.968354
B_corte_P2,Corte P2: + G2 (secundario),Regresión logística,0.962326,0.015615,0.89199,0.047983,0.445446,0.983924,0.958434,0.901961,0.836364,0.867925,0.944099,0.04449,46,9,5,152,0.968535,0.9951
B_corte_P2,Corte P2: + G2 (secundario),Random forest,0.962226,0.012169,0.87985,0.047955,0.416531,0.987699,0.964635,0.882353,0.882353,0.882353,0.962733,0.054796,45,6,6,155,0.9753,0.995949
B_corte_P2,Corte P2: + G2 (secundario),Gradient boosting,0.961802,0.017514,0.889638,0.048686,0.422004,0.984411,0.96048,0.901961,0.884615,0.893204,0.962733,0.040522,46,6,5,155,0.967759,0.995677
A_mas_sim,Corte P1 + LMS simulado (sensibilidad),Regresión logística,0.92283,0.010176,0.746053,0.080687,0.240168,0.948606,0.852815,0.901961,0.657143,0.760331,0.850932,0.08054,46,24,5,137,0.918651,0.971894
A_mas_sim,Corte P1 + LMS simulado (sensibilidad),Random forest,0.921417,0.015662,0.749684,0.058326,0.294474,0.945317,0.863746,0.882353,0.681818,0.769231,0.869565,0.096129,45,21,6,140,0.911323,0.972939
A_mas_sim,Corte P1 + LMS simulado (sensibilidad),Gradient boosting,0.920535,0.007445,0.745314,0.031985,0.232962,0.947875,0.84569,0.901961,0.657143,0.760331,0.850932,0.080436,46,24,5,137,0.919881,0.972151
A_mas_faltas,"Corte P1 + faltas anuales (optimista, L-02)",Regresión logística,0.925298,0.010867,0.765808,0.066889,0.237211,0.944952,0.847201,0.882353,0.692308,0.775862,0.875776,0.079994,45,20,6,141,0.912043,0.969609
A_mas_faltas,"Corte P1 + faltas anuales (optimista, L-02)",Random forest,0.922622,0.017464,0.752615,0.071444,0.317498,0.941664,0.85984,0.882353,0.725806,0.79646,0.89441,0.09449,45,17,6,144,0.905797,0.971461
A_mas_faltas,"Corte P1 + faltas anuales (optimista, L-02)",Gradient boosting,0.925262,0.02037,0.750655,0.075576,0.304901,0.953355,0.854848,0.882353,0.714286,0.789474,0.888199,0.076862,45,18,6,143,0.927029,0.975335
C_mas_sim,Sin notas + LMS simulado (sensibilidad),Regresión logística,0.774014,0.02191,0.480403,0.092685,0.15865,0.73706,0.520136,0.666667,0.365591,0.472222,0.63354,0.159165,34,59,17,102,0.660109,0.805095
C_mas_sim,Sin notas + LMS simulado (sensibilidad),Random forest,0.800236,0.026167,0.521138,0.086996,0.196896,0.755206,0.552789,0.745098,0.38,0.503311,0.614907,0.15318,38,62,13,99,0.673684,0.829489
C_mas_sim,Sin notas + LMS simulado (sensibilidad),Gradient boosting,0.777121,0.027876,0.462483,0.07898,0.141781,0.777372,0.575378,0.784314,0.380952,0.512821,0.596273,0.147811,40,65,11,96,0.707459,0.839364
