variable,importancia,de
nota_p1,0.4143263102342388,0.05090615869646555
asignatura,0.014411561726139825,0.008212952690891725
relacion_romantica,0.0016928510534649462,0.002562440582002791
relacion_familiar,0.0013234279218934757,0.0011453814326972645
tutor_legal,0.0013193683270410447,0.0014420707207075162
reprobaciones_previas,0.0011163885844193329,0.001897203780690361
escuela,0.0008687532984208694,0.00047661787428049726
salud,0.0007916209962246623,0.0008638928492122565
guarderia,0.000608939227865124,0.0013086763745193083
alcohol_finde,0.0001867413632119989,0.0007175728653400891
actividades,0.00011772825072063157,0.00016485154471031322
apoyo_familiar,0.00010148987131088915,0.00013372036773434264
tamano_familia,7.307270734384271e-05,0.0003216060134021599
trabajo_madre,2.4357569114652476e-05,0.0002297888474499156
no_evaluado_p1,0.0,0.0
zona,0.0,0.0
estado_padres,0.0,0.0
edad,-0.0001948605529167276,0.001733955565149968
tiempo_estudio,-0.00022733731173623465,0.0002510392535824582
alcohol_semana,-0.00043437664921036623,0.0004353619752783771
educ_padre,-0.0005033897617017076,0.0008535195600655768
sexo,-0.0005318069256687356,0.0004615993205376338
educ_madre,-0.0005399261153736049,0.0008476780121389614
tiempo_viaje,-0.0009458856006169913,0.0007379200056916307
internet,-0.0009946007388461928,0.0005581758392007433
motivo_eleccion,-0.001778102545365882,0.0012810321561129976
apoyo_escolar,-0.0018836520115291578,0.0010555258888235441
clases_pagadas,-0.002297730686477417,0.0017712305898711829
salidas,-0.0026793326026061806,0.0026143286547312215
trabajo_padre,-0.0029391466731619373,0.0035527462651140534
tiempo_libre,-0.004355945276661303,0.0024490530077722755
desea_superior,-0.0055941217066536025,0.0015706802795396359
