n_eventos,minutos,n_tareas,n_tareas_revisadas,estudiante_id,asignatura,periodo,dias_activos
13,224,4,4,1,MAT,P1,12
13,211,5,4,1,MAT,P2,11
11,162,2,1,1,MAT,P3,10
20,557,5,5,1,POR,P1,16
7,87,3,2,1,POR,P2,6
9,159,3,3,1,POR,P3,8
26,513,4,4,2,MAT,P1,24
26,588,8,5,2,MAT,P2,21
23,366,4,4,2,MAT,P3,17
6,103,2,2,2,POR,P1,6
8,231,2,1,2,POR,P2,8
10,168,2,2,2,POR,P3,10
11,170,4,4,3,MAT,P1,10
7,93,4,2,3,MAT,P2,6
10,171,4,3,3,MAT,P3,8
18,341,5,3,3,POR,P1,16
18,319,6,3,3,POR,P2,14
17,289,5,4,3,POR,P3,15
52,1222,17,13,4,MAT,P1,33
51,1208,8,7,4,MAT,P2,37
30,643,6,5,4,MAT,P3,26
57,1408,20,12,4,POR,P1,42
42,1024,12,7,4,POR,P2,29
39,1004,12,10,4,POR,P3,24
4,61,3,2,5,MAT,P1,4
10,133,2,1,5,MAT,P2,8
6,88,1,1,5,MAT,P3,6
3,22,0,0,5,POR,P1,3
2,30,0,0,5,POR,P2,2
2,39,1,1,5,POR,P3,2
3,75,0,0,6,MAT,P1,3
4,35,1,1,6,MAT,P2,4
8,95,4,2,6,MAT,P3,8
6,122,3,2,6,POR,P1,5
9,102,3,2,6,POR,P2,8
5,58,2,2,6,POR,P3,5
29,534,3,1,7,MAT,P1,25
24,603,7,7,7,MAT,P2,20
23,401,7,7,7,MAT,P3,19
27,623,8,6,7,POR,P1,22
37,840,9,5,7,POR,P2,27
29,610,9,7,7,POR,P3,27
6,73,1,0,8,MAT,P1,6
7,129,0,0,8,MAT,P2,7
6,90,3,1,8,MAT,P3,6
7,98,2,1,8,POR,P1,7
4,332,1,0,8,POR,P2,4
3,29,2,1,8,POR,P3,3
13,253,5,3,9,MAT,P1,13
17,350,7,6,9,MAT,P2,14
15,220,5,4,9,MAT,P3,13
18,327,3,3,9,POR,P1,15
14,257,6,4,9,POR,P2,12
9,132,3,3,9,POR,P3,9
17,582,3,3,10,MAT,P1,16
14,309,4,3,10,MAT,P2,12
9,161,3,3,10,MAT,P3,8
2,14,1,0,10,POR,P1,2
3,33,1,0,10,POR,P2,3
4,28,0,0,10,POR,P3,4
23,393,6,5,11,MAT,P1,23
14,269,2,1,11,MAT,P2,12
13,212,1,1,11,MAT,P3,10
19,390,4,3,11,POR,P1,17
11,190,3,1,11,POR,P2,10
13,308,5,2,11,POR,P3,11
10,172,2,2,12,MAT,P1,10
11,281,1,1,12,MAT,P2,11
5,88,2,1,12,MAT,P3,4
15,329,5,3,12,POR,P1,13
16,248,5,5,12,POR,P2,15
12,211,4,3,12,POR,P3,11
6,140,3,3,13,MAT,P1,6
4,102,1,1,13,MAT,P2,4
13,238,3,3,13,MAT,P3,12
13,222,4,3,13,POR,P1,13
3,65,1,0,13,POR,P2,3
10,139,4,4,13,POR,P3,9
48,1267,10,6,14,MAT,P1,33
32,694,14,9,14,MAT,P2,24
36,801,18,15,14,MAT,P3,27
24,596,11,7,14,POR,P1,18
19,453,5,4,14,POR,P2,15
19,451,2,2,14,POR,P3,14
18,328,7,7,15,MAT,P1,16
13,190,4,3,15,MAT,P2,12
15,497,7,6,15,MAT,P3,12
22,444,6,4,15,POR,P1,19
17,304,9,6,15,POR,P2,14
21,484,6,4,15,POR,P3,19
15,218,5,4,16,MAT,P1,14
14,203,5,3,16,MAT,P2,13
9,166,2,1,16,MAT,P3,8
8,106,2,2,16,POR,P1,8
5,279,1,1,16,POR,P2,5
4,48,2,1,16,POR,P3,3
17,279,3,2,17,MAT,P1,15
10,202,2,1,17,MAT,P2,9
14,242,1,1,17,MAT,P3,9
26,592,7,3,17,POR,P1,22
20,373,10,7,17,POR,P2,18
27,534,7,4,17,POR,P3,23
4,51,0,0,18,MAT,P1,4
8,89,2,1,18,MAT,P2,8
5,73,1,1,18,MAT,P3,4
10,177,3,2,18,POR,P1,10
11,132,1,0,18,POR,P2,11
6,134,1,1,18,POR,P3,6
3,46,0,0,19,MAT,P1,3
8,167,2,2,19,MAT,P2,8
8,177,3,2,19,MAT,P3,8
8,134,2,2,19,POR,P1,8
5,110,1,1,19,POR,P2,4
4,50,2,1,19,POR,P3,4
10,179,0,0,20,MAT,P1,9
9,143,3,1,20,MAT,P2,9
5,271,0,0,20,MAT,P3,5
9,130,3,1,20,POR,P1,9
10,159,3,2,20,POR,P2,10
9,209,3,3,20,POR,P3,9
17,315,7,6,21,MAT,P1,14
23,346,6,4,21,MAT,P2,16
6,95,3,3,21,MAT,P3,5
12,168,4,3,21,POR,P1,11
8,125,1,1,21,POR,P2,7
6,137,0,0,21,POR,P3,6
4,59,0,0,22,MAT,P1,4
5,63,2,2,22,MAT,P2,5
4,47,0,0,22,MAT,P3,4
10,171,4,2,22,POR,P1,9
3,53,2,2,22,POR,P2,3
10,169,3,2,22,POR,P3,9
27,518,8,6,23,MAT,P1,23
17,342,9,7,23,MAT,P2,14
21,548,5,3,23,MAT,P3,14
12,159,3,2,23,POR,P1,10
12,234,5,5,23,POR,P2,10
18,408,6,3,23,POR,P3,15
20,398,2,1,24,MAT,P1,15
9,192,1,0,24,MAT,P2,7
15,347,4,3,24,MAT,P3,15
19,262,8,6,24,POR,P1,18
23,508,8,7,24,POR,P2,19
21,477,5,4,24,POR,P3,18
3,49,1,0,25,MAT,P1,3
5,287,4,2,25,MAT,P2,5
5,66,0,0,25,MAT,P3,5
13,159,5,4,25,POR,P1,11
5,157,3,3,25,POR,P2,5
7,78,3,3,25,POR,P3,7
3,69,0,0,26,MAT,P1,3
2,29,1,1,26,MAT,P2,2
2,19,0,0,26,MAT,P3,2
18,421,7,2,26,POR,P1,15
19,416,8,4,26,POR,P2,18
22,395,8,2,26,POR,P3,19
19,432,8,6,27,MAT,P1,14
18,329,6,5,27,MAT,P2,16
16,438,4,3,27,MAT,P3,13
23,416,8,5,27,POR,P1,19
14,294,8,4,27,POR,P2,13
18,380,4,4,27,POR,P3,15
4,88,0,0,28,MAT,P1,4
5,83,3,2,28,MAT,P2,5
5,126,0,0,28,MAT,P3,5
8,195,1,1,28,POR,P1,8
4,63,1,1,28,POR,P2,4
4,89,0,0,28,POR,P3,4
23,510,8,6,29,MAT,P1,19
19,604,4,3,29,MAT,P2,17
24,781,6,5,29,MAT,P3,19
22,278,0,0,29,POR,P1,19
12,162,6,4,29,POR,P2,10
20,367,4,4,29,POR,P3,15
24,561,9,8,30,MAT,P1,21
21,467,7,6,30,MAT,P2,19
19,536,5,4,30,MAT,P3,15
17,206,5,4,30,POR,P1,15
13,180,7,5,30,POR,P2,12
14,251,6,4,30,POR,P3,11
61,1495,18,14,31,MAT,P1,40
45,961,13,10,31,MAT,P2,30
46,1050,13,10,31,MAT,P3,30
50,1152,10,8,31,POR,P1,37
52,1517,19,16,31,POR,P2,36
36,624,10,8,31,POR,P3,29
22,625,2,1,32,MAT,P1,20
14,230,3,1,32,MAT,P2,13
13,200,5,3,32,MAT,P3,11
16,255,6,5,32,POR,P1,14
19,349,5,5,32,POR,P2,14
15,223,8,6,32,POR,P3,13
5,63,1,1,33,MAT,P1,5
6,77,2,1,33,MAT,P2,6
2,22,0,0,33,MAT,P3,2
8,101,0,0,33,POR,P1,8
6,74,3,2,33,POR,P2,6
6,81,1,1,33,POR,P3,6
9,192,2,2,34,MAT,P1,8
17,331,3,2,34,MAT,P2,14
16,252,7,5,34,MAT,P3,14
16,626,8,5,34,POR,P1,14
16,306,7,3,34,POR,P2,14
13,354,3,2,34,POR,P3,11
12,150,4,2,35,MAT,P1,11
2,19,1,1,35,MAT,P2,2
3,63,0,0,35,MAT,P3,3
3,47,0,0,35,POR,P1,3
4,35,2,2,35,POR,P2,4
5,71,0,0,35,POR,P3,4
17,310,5,4,36,MAT,P1,15
10,184,1,1,36,MAT,P2,9
9,182,0,0,36,MAT,P3,7
23,445,6,3,36,POR,P1,20
26,673,8,7,36,POR,P2,20
23,554,6,4,36,POR,P3,19
35,987,12,7,37,MAT,P1,27
45,1200,19,13,37,MAT,P2,36
44,900,9,6,37,MAT,P3,32
34,1037,8,7,37,POR,P1,24
27,588,8,6,37,POR,P2,22
21,422,6,5,37,POR,P3,20
11,155,3,2,38,MAT,P1,9
19,329,5,4,38,MAT,P2,19
5,86,2,2,38,MAT,P3,4
4,109,1,0,38,POR,P1,4
4,77,1,1,38,POR,P2,4
6,84,1,0,38,POR,P3,6
8,340,2,2,39,MAT,P1,8
9,115,2,1,39,MAT,P2,9
9,185,1,1,39,MAT,P3,9
14,180,4,4,39,POR,P1,14
12,160,4,3,39,POR,P2,12
4,61,1,0,39,POR,P3,4
6,130,3,2,40,MAT,P1,6
3,54,1,1,40,MAT,P2,3
4,64,1,0,40,MAT,P3,4
31,867,5,4,40,POR,P1,25
29,603,11,9,40,POR,P2,26
20,375,5,3,40,POR,P3,17
39,908,6,5,41,MAT,P1,27
40,900,19,14,41,MAT,P2,28
33,860,10,7,41,MAT,P3,24
47,1041,10,6,41,POR,P1,34
46,934,11,8,41,POR,P2,36
32,766,12,6,41,POR,P3,23
5,49,0,0,42,MAT,P1,5
8,157,2,2,42,MAT,P2,7
6,149,3,3,42,MAT,P3,4
32,647,12,8,42,POR,P1,28
17,558,3,2,42,POR,P2,15
19,504,4,3,42,POR,P3,15
15,264,5,3,43,MAT,P1,14
13,201,6,5,43,MAT,P2,10
13,238,3,1,43,MAT,P3,12
14,246,5,2,43,POR,P1,13
10,223,2,1,43,POR,P2,9
11,226,3,2,43,POR,P3,9
23,446,10,4,44,MAT,P1,18
25,381,7,4,44,MAT,P2,19
22,460,7,6,44,MAT,P3,21
15,271,4,2,44,POR,P1,14
14,596,6,5,44,POR,P2,12
17,304,5,3,44,POR,P3,14
11,252,2,1,45,MAT,P1,11
16,244,5,4,45,MAT,P2,12
10,176,2,2,45,MAT,P3,10
17,270,4,4,45,POR,P1,15
22,581,5,4,45,POR,P2,20
12,189,3,3,45,POR,P3,11
12,166,5,3,46,MAT,P1,11
14,234,5,4,46,MAT,P2,13
19,308,7,7,46,MAT,P3,16
9,137,4,3,46,POR,P1,9
4,24,1,1,46,POR,P2,4
3,52,0,0,46,POR,P3,3
30,637,6,4,47,MAT,P1,23
21,435,10,7,47,MAT,P2,20
23,438,7,7,47,MAT,P3,18
25,497,5,3,47,POR,P1,22
18,447,2,2,47,POR,P2,16
7,150,1,1,47,POR,P3,7
16,481,6,3,48,MAT,P1,13
8,107,2,2,48,MAT,P2,8
14,241,6,5,48,MAT,P3,12
86,1994,19,13,48,POR,P1,46
70,2032,15,8,48,POR,P2,39
58,1799,21,15,48,POR,P3,34
46,1101,14,13,49,MAT,P1,36
34,708,11,9,49,MAT,P2,25
36,774,15,9,49,MAT,P3,31
22,818,6,5,49,POR,P1,20
22,390,9,6,49,POR,P2,16
23,505,8,5,49,POR,P3,20
17,333,6,3,50,MAT,P1,16
10,211,2,2,50,MAT,P2,9
11,197,2,2,50,MAT,P3,9
25,488,10,7,50,POR,P1,23
29,628,10,10,50,POR,P2,22
25,446,10,6,50,POR,P3,22
22,475,4,4,51,MAT,P1,19
18,300,8,6,51,MAT,P2,16
10,202,2,2,51,MAT,P3,10
21,476,8,5,51,POR,P1,17
22,506,7,4,51,POR,P2,20
9,147,2,0,51,POR,P3,8
16,246,4,3,52,MAT,P1,15
7,161,2,1,52,MAT,P2,7
7,117,3,3,52,MAT,P3,7
33,607,9,7,52,POR,P1,30
16,307,8,6,52,POR,P2,14
16,504,9,6,52,POR,P3,12
4,283,2,1,53,MAT,P1,4
1,12,1,1,53,MAT,P2,1
5,78,2,1,53,MAT,P3,4
3,25,2,2,53,POR,P1,3
4,48,1,0,53,POR,P2,4
3,51,1,1,53,POR,P3,3
11,147,3,1,54,MAT,P1,10
5,79,2,2,54,MAT,P2,5
7,96,2,2,54,MAT,P3,5
6,89,2,1,54,POR,P1,5
11,119,6,6,54,POR,P2,11
7,136,2,1,54,POR,P3,7
23,403,7,5,55,MAT,P1,19
25,600,9,8,55,MAT,P2,21
12,202,4,4,55,MAT,P3,9
14,167,5,2,55,POR,P1,11
17,329,4,2,55,POR,P2,15
15,317,3,3,55,POR,P3,12
11,152,5,5,56,MAT,P1,9
10,116,3,2,56,MAT,P2,9
13,410,4,3,56,MAT,P3,12
13,333,5,2,56,POR,P1,11
12,212,4,4,56,POR,P2,12
8,158,4,3,56,POR,P3,7
16,291,8,7,57,MAT,P1,15
10,137,2,2,57,MAT,P2,10
9,155,4,4,57,MAT,P3,8
10,163,5,4,57,POR,P1,10
9,139,5,3,57,POR,P2,9
12,152,5,4,57,POR,P3,12
6,120,2,1,58,MAT,P1,6
16,440,2,2,58,MAT,P2,15
10,201,4,4,58,MAT,P3,8
21,501,1,1,58,POR,P1,20
14,278,2,2,58,POR,P2,12
17,362,7,6,58,POR,P3,14
5,107,2,1,59,MAT,P1,5
8,117,4,4,59,MAT,P2,7
7,103,2,2,59,MAT,P3,7
5,156,2,2,59,POR,P1,5
2,25,0,0,59,POR,P2,2
9,144,3,1,59,POR,P3,9
34,754,12,11,60,MAT,P1,29
32,734,9,5,60,MAT,P2,21
22,483,7,6,60,MAT,P3,17
39,822,9,8,60,POR,P1,29
21,357,6,5,60,POR,P2,17
19,415,7,6,60,POR,P3,17
1,14,0,0,61,MAT,P1,1
3,54,1,0,61,MAT,P2,3
1,13,0,0,61,MAT,P3,1
4,45,0,0,61,POR,P1,4
5,98,0,0,61,POR,P2,5
2,23,0,0,61,POR,P3,2
12,465,2,1,62,MAT,P1,10
10,237,4,2,62,MAT,P2,10
14,275,8,5,62,MAT,P3,14
16,320,5,4,62,POR,P1,14
23,431,6,5,62,POR,P2,20
17,489,3,3,62,POR,P3,15
23,424,8,5,63,MAT,P1,23
27,653,6,4,63,MAT,P2,22
17,346,6,5,63,MAT,P3,16
14,519,4,2,63,POR,P1,12
15,400,4,3,63,POR,P2,15
10,193,4,2,63,POR,P3,9
19,336,4,4,64,MAT,P1,17
13,341,3,2,64,MAT,P2,13
17,351,3,3,64,MAT,P3,17
21,570,7,5,64,POR,P1,17
19,401,11,8,64,POR,P2,18
11,214,3,0,64,POR,P3,11
32,746,9,5,65,MAT,P1,21
26,513,8,4,65,MAT,P2,22
16,541,3,2,65,MAT,P3,14
22,453,5,5,65,POR,P1,18
20,461,8,7,65,POR,P2,17
17,356,7,5,65,POR,P3,15
45,1183,18,17,66,MAT,P1,29
38,966,9,6,66,MAT,P2,28
41,908,14,10,66,MAT,P3,29
36,1075,10,8,66,POR,P1,28
32,620,4,2,66,POR,P2,27
32,811,11,6,66,POR,P3,25
16,262,6,6,67,MAT,P1,15
20,400,10,9,67,MAT,P2,19
24,546,7,7,67,MAT,P3,20
18,294,5,3,67,POR,P1,17
12,395,3,3,67,POR,P2,10
14,322,4,2,67,POR,P3,13
16,266,6,4,68,MAT,P1,13
19,434,5,4,68,MAT,P2,19
13,271,4,3,68,MAT,P3,12
24,671,5,2,68,POR,P1,22
22,682,7,7,68,POR,P2,21
21,570,7,7,68,POR,P3,17
25,496,9,6,69,MAT,P1,21
21,457,6,6,69,MAT,P2,15
15,256,5,4,69,MAT,P3,11
8,164,0,0,69,POR,P1,8
15,318,3,3,69,POR,P2,14
12,328,5,4,69,POR,P3,11
25,587,10,6,70,MAT,P1,20
23,402,6,5,70,MAT,P2,19
15,282,3,2,70,MAT,P3,12
14,311,4,4,70,POR,P1,12
20,318,7,6,70,POR,P2,19
14,274,5,4,70,POR,P3,12
8,139,4,2,71,MAT,P1,8
7,131,0,0,71,MAT,P2,6
12,188,1,0,71,MAT,P3,11
20,424,5,4,71,POR,P1,15
20,456,4,4,71,POR,P2,17
18,372,8,8,71,POR,P3,13
10,235,2,2,72,MAT,P1,9
14,226,2,1,72,MAT,P2,13
14,216,6,5,72,MAT,P3,14
13,271,6,4,72,POR,P1,12
14,384,3,3,72,POR,P2,10
10,275,5,4,72,POR,P3,10
3,30,1,1,73,MAT,P1,3
4,67,1,1,73,MAT,P2,4
8,92,4,3,73,MAT,P3,7
2,27,0,0,73,POR,P1,2
6,64,2,1,73,POR,P2,6
5,58,1,1,73,POR,P3,5
6,106,1,1,74,MAT,P1,6
13,436,1,1,74,MAT,P2,12
4,49,0,0,74,MAT,P3,4
11,150,1,1,74,POR,P1,11
15,283,5,4,74,POR,P2,15
18,274,7,4,74,POR,P3,14
7,104,0,0,75,MAT,P1,6
11,362,5,3,75,MAT,P2,10
8,162,1,1,75,MAT,P3,8
4,57,2,2,75,POR,P1,4
4,87,1,1,75,POR,P2,4
4,116,1,1,75,POR,P3,4
6,84,0,0,76,MAT,P1,5
20,292,8,6,76,MAT,P2,15
2,26,1,1,76,MAT,P3,2
20,482,9,7,76,POR,P1,18
21,576,4,2,76,POR,P2,17
20,417,6,6,76,POR,P3,15
21,385,5,3,77,MAT,P1,17
17,408,7,7,77,MAT,P2,15
20,389,8,6,77,MAT,P3,17
25,606,10,6,77,POR,P1,19
17,444,11,8,77,POR,P2,15
18,345,9,7,77,POR,P3,14
42,1010,15,12,78,MAT,P1,34
53,1227,18,9,78,MAT,P2,33
36,752,9,8,78,MAT,P3,23
10,132,2,2,78,POR,P1,9
8,98,2,1,78,POR,P2,7
4,58,1,1,78,POR,P3,4
8,123,3,2,79,MAT,P1,8
2,13,1,1,79,MAT,P2,2
5,90,1,0,79,MAT,P3,5
6,100,1,0,79,POR,P1,6
4,129,2,2,79,POR,P2,3
7,77,3,1,79,POR,P3,7
4,34,1,0,80,MAT,P1,4
3,41,0,0,80,MAT,P2,3
11,118,0,0,80,MAT,P3,10
8,102,0,0,80,POR,P1,8
12,150,4,2,80,POR,P2,12
10,175,2,2,80,POR,P3,9
11,248,5,4,81,MAT,P1,11
8,158,1,1,81,MAT,P2,8
13,222,6,3,81,MAT,P3,12
8,129,2,2,81,POR,P1,8
8,151,2,2,81,POR,P2,7
5,42,1,1,81,POR,P3,4
13,250,5,3,82,MAT,P1,13
7,88,1,0,82,MAT,P2,7
7,142,1,1,82,MAT,P3,7
32,873,9,6,82,POR,P1,27
27,536,5,4,82,POR,P2,23
23,454,9,7,82,POR,P3,16
28,662,6,3,83,MAT,P1,24
32,869,11,9,83,MAT,P2,26
21,328,7,5,83,MAT,P3,17
2,50,2,2,83,POR,P1,2
7,140,1,1,83,POR,P2,7
7,106,2,1,83,POR,P3,6
30,657,4,3,84,MAT,P1,26
22,701,6,6,84,MAT,P2,19
30,659,10,9,84,MAT,P3,24
18,253,6,4,84,POR,P1,18
14,327,6,5,84,POR,P2,13
15,238,9,8,84,POR,P3,11
20,307,4,3,85,MAT,P1,17
19,282,4,4,85,MAT,P2,16
17,320,4,3,85,MAT,P3,16
7,89,3,2,85,POR,P1,7
8,97,1,0,85,POR,P2,7
2,17,1,1,85,POR,P3,2
11,188,3,2,86,MAT,P1,11
5,85,0,0,86,MAT,P2,5
9,161,3,2,86,MAT,P3,9
23,488,9,6,86,POR,P1,20
25,583,10,6,86,POR,P2,19
9,150,3,2,86,POR,P3,8
38,770,8,6,87,MAT,P1,30
27,650,6,3,87,MAT,P2,22
27,594,4,4,87,MAT,P3,23
15,479,6,5,87,POR,P1,14
12,175,2,2,87,POR,P2,10
15,281,5,5,87,POR,P3,14
17,235,9,8,88,MAT,P1,14
9,307,2,1,88,MAT,P2,8
13,238,4,0,88,MAT,P3,12
43,951,10,6,88,POR,P1,29
31,547,6,4,88,POR,P2,28
27,442,5,1,88,POR,P3,22
13,199,3,2,89,MAT,P1,12
4,116,2,2,89,MAT,P2,4
13,264,9,8,89,MAT,P3,13
13,315,7,4,89,POR,P1,12
22,486,5,3,89,POR,P2,19
8,169,1,1,89,POR,P3,7
20,297,6,4,90,MAT,P1,18
21,392,7,3,90,MAT,P2,18
20,403,8,8,90,MAT,P3,20
9,144,4,2,90,POR,P1,9
16,577,5,5,90,POR,P2,14
6,71,1,1,90,POR,P3,6
37,758,12,10,91,MAT,P1,28
30,710,7,5,91,MAT,P2,23
31,686,12,9,91,MAT,P3,23
31,728,12,6,91,POR,P1,24
13,213,4,3,91,POR,P2,12
22,533,2,1,91,POR,P3,17
14,310,4,4,92,MAT,P1,13
9,147,1,1,92,MAT,P2,9
9,139,3,1,92,MAT,P3,9
17,332,8,8,92,POR,P1,16
15,266,6,5,92,POR,P2,13
11,200,3,2,92,POR,P3,9
2,14,0,0,93,MAT,P1,2
5,275,1,1,93,MAT,P2,5
1,4,1,1,93,MAT,P3,1
12,221,7,7,93,POR,P1,10
13,280,4,2,93,POR,P2,10
9,395,2,1,93,POR,P3,8
11,157,2,2,94,MAT,P1,10
9,188,3,3,94,MAT,P2,8
6,112,0,0,94,MAT,P3,6
7,140,4,2,94,POR,P1,7
5,71,0,0,94,POR,P2,5
10,178,2,1,94,POR,P3,9
15,228,4,3,95,MAT,P1,14
8,93,1,1,95,MAT,P2,8
8,111,3,1,95,MAT,P3,8
10,106,2,1,95,POR,P1,10
15,249,6,5,95,POR,P2,15
13,202,5,2,95,POR,P3,12
4,58,3,3,96,MAT,P1,4
3,38,0,0,96,MAT,P2,2
1,5,1,1,96,MAT,P3,1
18,422,4,3,96,POR,P1,14
19,357,4,3,96,POR,P2,16
15,275,4,2,96,POR,P3,14
4,25,1,1,97,MAT,P1,4
3,46,1,1,97,MAT,P2,3
6,75,4,3,97,MAT,P3,6
6,79,2,0,97,POR,P1,6
2,13,1,1,97,POR,P2,2
3,53,0,0,97,POR,P3,2
4,60,2,2,98,MAT,P1,4
5,58,1,1,98,MAT,P2,5
3,33,1,1,98,MAT,P3,3
7,57,2,2,98,POR,P1,7
4,49,0,0,98,POR,P2,4
4,65,2,0,98,POR,P3,4
14,284,4,0,99,MAT,P1,12
8,218,2,1,99,MAT,P2,8
11,145,4,3,99,MAT,P3,10
8,123,4,3,99,POR,P1,7
10,158,5,3,99,POR,P2,10
7,82,2,1,99,POR,P3,6
21,447,9,6,100,MAT,P1,20
20,564,4,4,100,MAT,P2,18
17,350,5,3,100,MAT,P3,15
19,320,6,5,100,POR,P1,17
12,284,6,6,100,POR,P2,12
9,146,2,2,100,POR,P3,9
5,54,1,1,101,MAT,P1,5
8,90,1,1,101,MAT,P2,8
4,29,0,0,101,MAT,P3,4
4,44,0,0,101,POR,P1,4
2,67,0,0,101,POR,P2,2
1,5,1,0,101,POR,P3,1
46,1142,13,8,102,MAT,P1,34
43,856,11,10,102,MAT,P2,31
34,647,9,8,102,MAT,P3,22
38,1122,11,10,102,POR,P1,26
42,849,12,7,102,POR,P2,31
25,594,8,6,102,POR,P3,19
12,372,2,2,103,MAT,P1,12
10,88,2,1,103,MAT,P2,9
8,109,1,1,103,MAT,P3,8
12,207,5,3,103,POR,P1,12
10,197,3,3,103,POR,P2,10
4,66,0,0,103,POR,P3,4
25,438,6,5,104,MAT,P1,21
20,325,5,3,104,MAT,P2,16
18,340,3,3,104,MAT,P3,16
27,630,8,6,104,POR,P1,23
35,589,14,12,104,POR,P2,23
38,1037,4,3,104,POR,P3,26
11,189,4,2,105,MAT,P1,11
3,33,1,0,105,MAT,P2,3
4,44,3,3,105,MAT,P3,4
4,44,1,1,105,POR,P1,4
1,22,1,1,105,POR,P2,1
6,91,0,0,105,POR,P3,6
10,204,4,3,106,MAT,P1,10
6,157,1,1,106,MAT,P2,6
9,137,2,2,106,MAT,P3,8
17,413,6,5,106,POR,P1,16
17,258,8,6,106,POR,P2,14
27,556,6,5,106,POR,P3,22
35,867,7,6,107,MAT,P1,24
21,285,9,4,107,MAT,P2,19
39,771,10,6,107,MAT,P3,30
19,293,6,6,107,POR,P1,15
11,220,3,2,107,POR,P2,10
16,225,3,2,107,POR,P3,14
4,58,2,0,108,MAT,P1,4
2,16,0,0,108,MAT,P2,2
8,97,1,0,108,MAT,P3,7
12,166,4,4,108,POR,P1,10
8,152,1,1,108,POR,P2,7
11,200,3,2,108,POR,P3,11
32,669,8,7,109,MAT,P1,26
25,662,9,5,109,MAT,P2,21
21,448,5,3,109,MAT,P3,18
30,701,10,8,109,POR,P1,26
37,701,9,8,109,POR,P2,27
22,390,8,8,109,POR,P3,17
4,72,1,1,110,MAT,P1,4
3,99,2,2,110,MAT,P2,3
9,139,5,3,110,MAT,P3,9
6,108,2,2,110,POR,P1,5
8,135,3,2,110,POR,P2,7
10,125,3,2,110,POR,P3,9
12,144,3,2,111,MAT,P1,11
15,245,2,2,111,MAT,P2,13
9,132,5,5,111,MAT,P3,7
25,496,7,5,111,POR,P1,19
21,479,4,4,111,POR,P2,18
18,463,8,8,111,POR,P3,13
12,216,3,1,112,MAT,P1,11
9,129,3,2,112,MAT,P2,9
10,133,6,5,112,MAT,P3,8
11,163,5,5,112,POR,P1,11
9,346,4,1,112,POR,P2,8
9,185,1,1,112,POR,P3,9
10,179,3,1,113,MAT,P1,9
3,29,1,0,113,MAT,P2,3
5,289,2,1,113,MAT,P3,5
5,73,2,1,113,POR,P1,5
2,45,0,0,113,POR,P2,2
1,22,0,0,113,POR,P3,1
9,176,3,3,114,MAT,P1,8
2,28,0,0,114,MAT,P2,2
5,83,0,0,114,MAT,P3,5
6,102,2,1,114,POR,P1,6
4,65,3,2,114,POR,P2,4
5,67,0,0,114,POR,P3,4
11,233,3,1,115,MAT,P1,11
13,480,4,3,115,MAT,P2,13
13,312,7,7,115,MAT,P3,10
40,1028,22,17,115,POR,P1,30
31,1001,8,6,115,POR,P2,27
24,563,8,7,115,POR,P3,19
12,179,3,2,116,MAT,P1,11
6,96,2,1,116,MAT,P2,6
9,119,6,6,116,MAT,P3,9
35,800,9,8,116,POR,P1,28
26,549,10,7,116,POR,P2,22
22,497,7,6,116,POR,P3,20
11,157,1,1,117,MAT,P1,9
3,25,1,1,117,MAT,P2,3
7,96,3,3,117,MAT,P3,7
5,73,2,1,117,POR,P1,5
12,212,4,4,117,POR,P2,11
4,45,1,1,117,POR,P3,3
14,208,4,3,118,MAT,P1,13
10,131,6,3,118,MAT,P2,10
14,192,5,5,118,MAT,P3,11
7,107,1,0,118,POR,P1,7
6,64,3,2,118,POR,P2,6
2,42,0,0,118,POR,P3,2
19,382,5,2,119,MAT,P1,17
16,398,4,1,119,MAT,P2,15
14,198,2,2,119,MAT,P3,14
36,937,11,7,119,POR,P1,28
20,391,8,6,119,POR,P2,14
18,460,3,2,119,POR,P3,15
10,473,3,1,120,MAT,P1,10
11,204,4,4,120,MAT,P2,11
9,350,4,1,120,MAT,P3,9
7,136,2,1,120,POR,P1,7
9,132,3,2,120,POR,P2,8
7,84,2,2,120,POR,P3,7
12,216,5,4,121,MAT,P1,12
12,195,2,1,121,MAT,P2,10
19,345,4,4,121,MAT,P3,15
15,234,7,6,121,POR,P1,14
18,272,6,5,121,POR,P2,14
13,188,4,3,121,POR,P3,10
60,1410,21,17,122,MAT,P1,38
44,1316,19,14,122,MAT,P2,32
44,945,12,10,122,MAT,P3,31
36,783,15,12,122,POR,P1,29
28,704,7,7,122,POR,P2,23
26,571,9,9,122,POR,P3,20
28,693,13,12,123,MAT,P1,24
31,744,8,4,123,MAT,P2,28
43,985,14,11,123,MAT,P3,30
11,130,4,2,123,POR,P1,10
2,53,1,0,123,POR,P2,2
9,167,2,2,123,POR,P3,9
25,315,7,6,124,MAT,P1,20
17,352,7,6,124,MAT,P2,13
26,520,7,4,124,MAT,P3,21
14,244,4,1,124,POR,P1,12
19,329,7,4,124,POR,P2,14
6,107,2,2,124,POR,P3,5
20,461,6,5,125,MAT,P1,14
19,322,5,4,125,MAT,P2,16
14,364,2,2,125,MAT,P3,13
25,613,5,4,125,POR,P1,20
10,133,2,2,125,POR,P2,9
9,174,2,1,125,POR,P3,8
8,129,5,5,126,MAT,P1,7
10,199,3,2,126,MAT,P2,9
9,195,3,2,126,MAT,P3,8
38,1082,14,11,126,POR,P1,25
31,628,7,6,126,POR,P2,23
24,540,12,11,126,POR,P3,21
34,710,14,12,127,MAT,P1,25
27,604,5,5,127,MAT,P2,23
20,426,9,6,127,MAT,P3,15
37,830,8,6,127,POR,P1,27
41,887,15,9,127,POR,P2,31
38,721,12,10,127,POR,P3,31
3,28,0,0,128,POR,P1,3
1,6,0,0,128,POR,P2,1
6,78,0,0,129,MAT,P1,6
6,120,2,0,129,MAT,P2,5
6,84,2,2,129,MAT,P3,6
9,148,4,3,129,POR,P1,8
4,293,1,1,129,POR,P2,4
8,377,3,2,129,POR,P3,7
32,722,11,8,130,POR,P1,29
16,286,3,3,130,POR,P2,14
20,504,3,3,130,POR,P3,16
21,318,8,7,131,MAT,P1,21
17,538,4,3,131,MAT,P2,14
14,254,3,2,131,MAT,P3,13
20,396,8,5,131,POR,P1,19
16,397,2,2,131,POR,P2,15
20,415,8,7,131,POR,P3,17
3,38,0,0,132,POR,P1,2
2,23,1,0,132,POR,P2,2
1,14,0,0,132,POR,P3,1
10,200,4,4,133,POR,P1,10
5,95,0,0,133,POR,P2,5
6,327,1,1,133,POR,P3,6
8,110,4,4,134,MAT,P1,6
9,133,2,1,134,MAT,P2,9
5,92,0,0,134,MAT,P3,5
13,200,4,3,134,POR,P1,12
9,216,2,0,134,POR,P2,8
17,288,5,4,134,POR,P3,16
6,94,2,1,135,MAT,P1,6
12,165,4,3,135,MAT,P2,10
15,293,2,1,135,MAT,P3,15
3,89,2,1,135,POR,P1,3
7,137,3,2,135,POR,P2,7
6,67,1,1,135,POR,P3,6
9,186,2,1,136,MAT,P1,9
10,148,5,4,136,MAT,P2,9
9,116,6,4,136,MAT,P3,9
7,137,5,5,136,POR,P1,7
2,42,0,0,136,POR,P2,2
4,46,0,0,136,POR,P3,4
14,353,6,6,137,POR,P1,13
9,139,3,3,137,POR,P2,8
11,230,4,4,137,POR,P3,11
9,169,3,1,138,POR,P1,9
12,149,5,3,138,POR,P2,12
10,149,4,3,138,POR,P3,10
30,704,9,7,139,MAT,P1,23
14,310,2,2,139,MAT,P2,13
19,375,7,5,139,MAT,P3,15
35,801,8,7,139,POR,P1,27
32,840,9,8,139,POR,P2,25
29,647,10,7,139,POR,P3,21
20,579,4,4,140,MAT,P1,18
17,293,3,3,140,MAT,P2,15
17,302,5,5,140,MAT,P3,15
110,3683,32,24,140,POR,P1,54
96,3089,26,19,140,POR,P2,52
90,2314,27,17,140,POR,P3,45
1,23,0,0,141,MAT,P1,1
1,15,0,0,141,MAT,P2,1
3,22,2,1,141,MAT,P3,3
7,98,1,0,141,POR,P1,7
3,62,1,0,141,POR,P2,3
3,52,1,1,141,POR,P3,3
10,150,2,2,142,POR,P1,9
6,95,1,1,142,POR,P2,6
12,229,5,5,142,POR,P3,11
7,108,2,1,143,POR,P1,7
3,33,0,0,143,POR,P2,3
3,61,1,0,143,POR,P3,3
13,300,5,3,144,POR,P1,11
13,215,3,3,144,POR,P2,10
9,266,3,2,144,POR,P3,9
3,29,0,0,145,POR,P1,3
3,48,1,0,145,POR,P2,3
1,19,1,1,145,POR,P3,1
6,85,2,2,146,MAT,P1,6
4,31,1,1,146,MAT,P2,4
8,112,4,2,146,MAT,P3,7
8,141,1,1,146,POR,P1,7
6,94,4,4,146,POR,P2,5
5,83,2,2,146,POR,P3,4
14,361,3,3,147,MAT,P1,12
13,242,2,1,147,MAT,P2,9
16,328,4,2,147,MAT,P3,15
3,36,1,1,147,POR,P1,3
5,35,1,0,147,POR,P2,5
10,133,4,3,148,MAT,P1,10
10,406,3,2,148,MAT,P2,9
12,189,3,3,148,MAT,P3,10
25,553,9,6,148,POR,P1,22
18,388,6,4,148,POR,P2,16
20,408,5,4,148,POR,P3,18
17,236,6,4,149,POR,P1,16
9,184,2,2,149,POR,P2,8
17,335,7,5,149,POR,P3,11
21,341,9,6,150,MAT,P1,21
21,627,4,3,150,MAT,P2,17
14,190,3,1,150,MAT,P3,13
29,534,14,12,150,POR,P1,24
22,513,2,2,150,POR,P2,19
27,452,8,5,150,POR,P3,22
3,37,1,1,151,POR,P1,3
17,270,3,2,151,POR,P2,15
7,120,1,1,151,POR,P3,6
4,57,1,1,152,POR,P1,4
3,77,1,1,152,POR,P2,3
4,40,0,0,152,POR,P3,4
2,47,1,1,153,MAT,P2,2
2,23,2,2,153,MAT,P3,2
3,43,1,1,153,POR,P1,3
2,59,1,1,153,POR,P2,2
4,64,2,1,153,POR,P3,4
19,375,4,4,154,MAT,P1,15
28,523,6,5,154,MAT,P2,19
15,411,4,4,154,MAT,P3,13
15,225,4,4,154,POR,P1,14
19,504,8,6,154,POR,P2,18
13,195,6,5,154,POR,P3,11
5,79,1,1,155,MAT,P1,4
11,136,6,4,155,MAT,P2,8
3,28,1,1,155,MAT,P3,3
13,221,4,3,155,POR,P1,13
7,152,2,1,155,POR,P2,7
3,26,0,0,155,POR,P3,3
14,189,5,4,156,MAT,P1,12
13,264,3,2,156,MAT,P2,12
14,272,4,4,156,MAT,P3,13
31,589,10,8,156,POR,P1,26
30,630,11,8,156,POR,P2,22
24,569,6,5,156,POR,P3,20
13,314,3,3,157,MAT,P1,12
14,229,4,3,157,MAT,P2,13
11,468,4,3,157,MAT,P3,10
10,147,4,2,157,POR,P1,9
14,265,3,3,157,POR,P2,12
9,145,3,2,157,POR,P3,8
18,334,6,4,158,POR,P1,17
26,547,10,8,158,POR,P2,21
22,538,5,3,158,POR,P3,20
2,12,1,1,159,MAT,P1,2
5,120,0,0,159,MAT,P2,4
3,33,0,0,159,MAT,P3,3
5,56,1,1,159,POR,P1,5
9,94,2,1,159,POR,P2,9
5,103,0,0,159,POR,P3,5
11,187,5,4,160,MAT,P1,11
9,90,4,4,160,MAT,P2,9
14,165,4,4,160,MAT,P3,13
11,122,4,4,160,POR,P1,10
13,218,2,2,160,POR,P2,12
8,161,3,2,160,POR,P3,6
5,54,2,2,161,POR,P1,5
3,38,3,3,161,POR,P2,3
7,130,1,1,161,POR,P3,7
11,226,2,2,162,MAT,P1,11
8,333,2,2,162,MAT,P2,8
6,110,2,2,162,MAT,P3,6
4,157,2,0,162,POR,P1,4
8,104,2,2,162,POR,P2,8
6,105,1,1,162,POR,P3,5
14,335,1,1,163,MAT,P1,14
14,183,4,3,163,MAT,P2,11
14,232,4,4,163,MAT,P3,14
44,1007,12,8,163,POR,P1,33
48,978,22,17,163,POR,P2,37
39,1166,13,10,163,POR,P3,27
2,13,1,1,164,MAT,P1,2
1,7,1,0,164,MAT,P2,1
3,60,0,0,164,POR,P1,3
3,26,0,0,164,POR,P2,3
2,16,0,0,164,POR,P3,2
8,146,4,3,165,MAT,P1,8
7,121,1,1,165,MAT,P2,6
3,61,0,0,165,MAT,P3,3
4,102,0,0,165,POR,P1,4
7,72,3,2,165,POR,P2,6
5,46,1,0,165,POR,P3,5
11,178,4,3,166,MAT,P1,11
8,181,2,2,166,MAT,P2,8
7,113,0,0,166,MAT,P3,6
28,656,14,9,166,POR,P1,23
23,411,10,6,166,POR,P2,22
25,512,9,7,166,POR,P3,21
9,149,4,2,167,MAT,P1,8
7,106,0,0,167,MAT,P2,7
4,44,1,0,167,MAT,P3,4
29,608,9,8,167,POR,P1,22
30,528,11,6,167,POR,P2,27
20,433,5,4,167,POR,P3,17
12,135,2,2,168,MAT,P1,10
9,171,1,1,168,MAT,P2,6
10,211,4,4,168,MAT,P3,9
17,244,6,4,168,POR,P1,15
16,229,4,3,168,POR,P2,14
10,190,5,4,168,POR,P3,10
16,339,4,3,169,MAT,P1,12
14,250,7,4,169,MAT,P2,12
12,224,6,5,169,MAT,P3,12
19,305,7,4,169,POR,P1,16
6,148,2,2,169,POR,P2,6
10,97,2,2,169,POR,P3,9
6,137,1,1,170,MAT,P1,6
11,197,2,1,170,MAT,P2,10
4,43,2,1,170,MAT,P3,4
4,54,1,1,170,POR,P1,4
4,36,2,1,170,POR,P3,4
2,21,0,0,171,MAT,P1,2
1,28,0,0,171,MAT,P2,1
2,27,0,0,171,MAT,P3,2
2,25,1,1,171,POR,P1,2
1,22,1,1,171,POR,P2,1
2,30,1,1,171,POR,P3,2
7,129,2,2,172,MAT,P1,7
7,159,3,2,172,MAT,P2,7
11,157,3,3,172,MAT,P3,11
10,186,4,3,172,POR,P1,8
14,204,5,4,172,POR,P2,11
8,112,2,2,172,POR,P3,8
5,76,0,0,173,MAT,P1,5
13,185,4,4,173,MAT,P2,12
5,71,0,0,173,MAT,P3,5
15,293,3,3,173,POR,P1,14
6,82,1,1,173,POR,P2,6
10,132,1,1,173,POR,P3,9
6,322,4,4,174,POR,P1,6
3,27,1,1,174,POR,P2,3
4,126,3,2,174,POR,P3,4
1,12,0,0,175,MAT,P1,1
1,25,0,0,175,MAT,P2,1
9,111,2,2,175,POR,P1,9
2,46,2,2,175,POR,P2,2
1,20,1,0,175,POR,P3,1
11,247,6,5,176,POR,P1,10
11,172,1,0,176,POR,P2,11
3,34,2,1,176,POR,P3,3
12,213,2,2,177,POR,P1,10
11,169,1,1,177,POR,P2,10
5,44,1,1,177,POR,P3,5
14,238,5,3,178,POR,P1,13
11,189,2,2,178,POR,P2,11
13,267,4,4,178,POR,P3,11
2,55,0,0,179,MAT,P2,2
2,45,1,1,179,MAT,P3,2
2,45,1,1,179,POR,P1,2
1,7,1,1,179,POR,P3,1
2,45,0,0,180,POR,P1,2
2,20,1,1,180,POR,P2,2
3,77,0,0,180,POR,P3,3
16,347,5,4,181,MAT,P1,14
16,249,6,5,181,MAT,P2,13
23,434,10,5,181,MAT,P3,20
22,427,7,6,181,POR,P1,18
19,295,8,5,181,POR,P2,18
20,554,2,2,181,POR,P3,15
15,187,5,3,182,MAT,P1,14
6,78,0,0,182,MAT,P2,6
14,205,3,1,182,MAT,P3,13
15,318,3,2,182,POR,P1,15
14,171,4,4,182,POR,P2,13
11,211,3,2,182,POR,P3,11
20,440,5,3,183,MAT,P1,17
14,247,4,2,183,MAT,P2,13
9,166,2,2,183,MAT,P3,9
20,427,4,3,183,POR,P1,16
10,223,4,4,183,POR,P2,8
16,301,7,5,183,POR,P3,14
33,684,9,7,184,MAT,P1,28
26,592,6,3,184,MAT,P2,21
23,408,6,3,184,MAT,P3,21
33,722,12,10,184,POR,P1,28
24,446,8,5,184,POR,P2,19
31,716,7,5,184,POR,P3,21
16,262,7,3,185,MAT,P1,13
13,246,3,1,185,MAT,P2,13
3,83,0,0,185,MAT,P3,3
4,86,2,1,185,POR,P1,4
2,14,1,1,185,POR,P2,2
2,30,0,0,185,POR,P3,2
37,941,18,14,186,MAT,P1,32
24,529,10,7,186,MAT,P2,19
23,460,5,4,186,MAT,P3,19
12,140,2,1,186,POR,P1,11
9,206,1,1,186,POR,P2,9
7,137,3,1,186,POR,P3,6
12,208,1,1,187,MAT,P1,12
14,218,3,3,187,MAT,P2,13
15,253,7,7,187,MAT,P3,11
22,649,11,8,187,POR,P1,20
14,316,7,5,187,POR,P2,13
8,163,4,3,187,POR,P3,7
8,128,3,2,188,MAT,P1,7
7,88,0,0,188,MAT,P2,7
5,53,2,2,188,MAT,P3,5
15,279,6,5,188,POR,P1,12
9,179,1,0,188,POR,P2,9
13,225,6,4,188,POR,P3,12
6,158,0,0,189,MAT,P1,6
9,145,2,1,189,MAT,P2,9
2,44,1,1,189,MAT,P3,2
8,168,1,1,189,POR,P1,8
5,98,1,1,189,POR,P2,5
3,52,1,1,189,POR,P3,3
40,890,16,10,190,MAT,P1,26
38,801,12,9,190,MAT,P2,27
22,535,5,3,190,MAT,P3,19
24,518,8,5,190,POR,P1,20
28,527,8,5,190,POR,P2,22
20,316,5,3,190,POR,P3,17
39,928,9,6,191,MAT,P1,30
32,715,13,10,191,MAT,P2,24
27,652,8,8,191,MAT,P3,24
54,1534,19,15,191,POR,P1,39
61,1728,15,13,191,POR,P2,43
45,1139,7,7,191,POR,P3,30
10,235,4,4,192,MAT,P1,10
9,183,3,3,192,MAT,P2,8
8,126,3,1,192,MAT,P3,8
24,538,5,3,192,POR,P1,22
18,384,5,2,192,POR,P2,17
16,282,4,1,192,POR,P3,12
13,508,5,4,193,MAT,P1,12
13,203,3,2,193,MAT,P2,11
13,294,6,6,193,MAT,P3,10
5,105,2,2,193,POR,P1,5
2,46,1,1,193,POR,P2,2
6,58,0,0,193,POR,P3,6
43,976,12,8,194,MAT,P1,32
39,878,11,10,194,MAT,P2,28
46,1279,17,13,194,MAT,P3,26
47,1283,14,10,194,POR,P1,34
43,1012,13,11,194,POR,P2,33
37,1205,14,10,194,POR,P3,26
10,189,5,5,195,MAT,P1,10
9,151,2,1,195,MAT,P2,9
8,126,3,2,195,MAT,P3,8
2,44,1,0,195,POR,P1,2
5,102,0,0,195,POR,P2,5
7,100,2,2,195,POR,P3,7
7,120,1,1,196,MAT,P1,7
5,83,0,0,196,MAT,P2,4
7,169,2,1,196,MAT,P3,7
10,175,1,1,196,POR,P1,10
10,121,3,3,196,POR,P2,10
5,107,2,2,196,POR,P3,5
23,485,8,6,197,MAT,P1,21
20,461,5,4,197,MAT,P2,18
14,337,2,2,197,MAT,P3,12
3,74,2,1,197,POR,P1,3
8,139,3,3,197,POR,P2,7
10,133,3,3,197,POR,P3,9
18,300,5,4,198,MAT,P1,16
11,156,3,3,198,MAT,P2,11
11,196,5,4,198,MAT,P3,9
11,157,3,3,198,POR,P1,9
4,70,3,2,198,POR,P2,4
5,94,2,2,198,POR,P3,5
18,375,6,6,199,MAT,P1,17
11,256,2,1,199,MAT,P2,9
7,163,3,2,199,MAT,P3,7
17,301,8,6,199,POR,P1,15
15,265,6,3,199,POR,P2,14
19,390,6,6,199,POR,P3,15
43,983,21,18,200,MAT,P1,34
43,1009,14,11,200,MAT,P2,30
35,899,14,8,200,MAT,P3,25
12,173,1,0,200,POR,P1,12
11,130,3,3,200,POR,P2,10
6,134,2,2,200,POR,P3,6
33,639,12,9,201,MAT,P1,25
27,601,9,6,201,MAT,P2,23
17,383,4,2,201,MAT,P3,13
20,270,4,4,201,POR,P1,17
20,401,5,5,201,POR,P2,17
9,133,1,1,201,POR,P3,8
37,756,12,9,202,MAT,P1,26
37,789,11,6,202,MAT,P2,27
24,590,4,4,202,MAT,P3,20
38,1022,14,11,202,POR,P1,26
22,483,5,4,202,POR,P2,20
21,363,6,6,202,POR,P3,18
27,618,11,6,203,MAT,P1,23
14,334,5,5,203,MAT,P2,12
18,426,6,5,203,MAT,P3,16
21,351,7,6,203,POR,P1,20
12,258,0,0,203,POR,P2,10
14,255,6,5,203,POR,P3,13
34,640,9,6,204,MAT,P1,27
31,987,13,12,204,MAT,P2,21
17,375,5,5,204,MAT,P3,14
18,277,6,4,204,POR,P1,18
14,245,4,4,204,POR,P2,9
9,118,1,1,204,POR,P3,6
8,101,1,1,205,MAT,P1,8
12,242,4,3,205,MAT,P2,11
10,162,3,2,205,MAT,P3,10
4,59,1,1,205,POR,P1,4
4,60,1,1,205,POR,P2,4
4,38,2,0,205,POR,P3,4
20,403,5,4,206,MAT,P1,15
16,223,6,4,206,MAT,P2,14
19,301,4,3,206,MAT,P3,16
6,100,0,0,206,POR,P1,5
8,121,3,3,206,POR,P2,8
8,126,3,2,206,POR,P3,8
16,270,6,4,207,MAT,P1,13
9,167,6,4,207,MAT,P2,8
13,226,2,1,207,MAT,P3,12
17,351,5,4,207,POR,P1,15
21,396,4,2,207,POR,P2,16
12,235,4,3,207,POR,P3,10
3,28,1,0,208,MAT,P1,3
4,63,1,1,208,MAT,P2,4
2,48,1,0,208,MAT,P3,1
10,154,1,1,208,POR,P1,9
3,38,1,1,208,POR,P2,3
6,80,3,2,208,POR,P3,5
4,64,1,1,209,MAT,P1,4
5,41,2,2,209,MAT,P2,5
5,88,0,0,209,MAT,P3,5
12,195,6,5,209,POR,P1,11
6,89,1,1,209,POR,P2,6
4,54,0,0,209,POR,P3,4
4,47,1,1,210,MAT,P1,4
8,153,4,3,210,MAT,P2,7
8,122,1,0,210,MAT,P3,8
4,62,1,1,210,POR,P1,4
4,69,1,0,210,POR,P2,4
8,132,2,2,210,POR,P3,7
15,319,6,6,211,MAT,P1,12
19,352,6,3,211,MAT,P2,17
15,289,2,2,211,MAT,P3,14
43,834,14,12,211,POR,P1,31
36,725,13,8,211,POR,P2,29
32,841,10,6,211,POR,P3,24
26,796,3,3,212,MAT,P1,20
25,416,8,6,212,MAT,P2,21
17,374,8,6,212,MAT,P3,14
3,52,1,1,212,POR,P1,3
1,3,1,1,212,POR,P2,1
4,73,0,0,212,POR,P3,4
19,570,10,9,213,MAT,P1,15
12,270,4,3,213,MAT,P2,10
16,255,4,3,213,MAT,P3,14
13,198,7,5,213,POR,P1,11
11,214,4,4,213,POR,P2,11
5,61,0,0,213,POR,P3,5
15,292,5,5,214,MAT,P1,14
11,389,4,2,214,MAT,P2,10
8,131,3,3,214,MAT,P3,7
14,212,2,2,214,POR,P1,13
18,373,5,5,214,POR,P2,18
12,174,3,3,214,POR,P3,11
17,222,4,3,215,MAT,P1,16
12,150,4,3,215,MAT,P2,11
10,255,3,3,215,MAT,P3,9
18,370,7,5,215,POR,P1,14
13,329,3,1,215,POR,P2,12
5,104,1,1,215,POR,P3,5
8,101,3,2,216,MAT,P1,8
9,192,3,3,216,MAT,P2,9
13,274,2,2,216,MAT,P3,12
7,111,3,2,216,POR,P1,7
11,139,2,2,216,POR,P2,11
5,103,2,2,216,POR,P3,5
5,118,3,2,217,MAT,P1,4
7,74,3,3,217,MAT,P2,6
4,113,0,0,217,MAT,P3,4
16,219,6,6,217,POR,P1,14
15,274,6,4,217,POR,P2,15
18,332,8,6,217,POR,P3,16
19,658,4,1,218,MAT,P1,17
19,392,5,5,218,MAT,P2,17
18,324,7,5,218,MAT,P3,15
11,161,2,1,218,POR,P1,10
9,173,1,0,218,POR,P2,8
15,306,6,4,218,POR,P3,13
33,892,9,7,219,MAT,P1,26
19,316,8,5,219,MAT,P2,17
22,381,10,8,219,MAT,P3,21
33,668,11,8,219,POR,P1,26
29,765,10,6,219,POR,P2,23
34,768,7,6,219,POR,P3,23
10,193,3,2,220,MAT,P1,10
8,108,2,2,220,MAT,P2,7
9,125,3,2,220,MAT,P3,8
6,122,2,0,220,POR,P1,5
7,105,2,1,220,POR,P2,7
7,114,1,1,220,POR,P3,7
14,461,7,6,221,MAT,P1,12
7,94,1,1,221,MAT,P2,7
7,160,1,0,221,MAT,P3,7
39,874,16,14,221,POR,P1,27
30,660,9,8,221,POR,P2,21
22,744,9,5,221,POR,P3,17
31,645,13,10,222,MAT,P1,24
24,466,9,7,222,MAT,P2,21
22,514,9,7,222,MAT,P3,21
30,597,7,4,222,POR,P1,23
22,458,9,8,222,POR,P2,19
19,287,5,4,222,POR,P3,16
17,384,5,2,223,MAT,P1,16
19,391,7,5,223,MAT,P2,18
11,170,4,4,223,MAT,P3,9
24,332,7,5,223,POR,P1,22
17,229,6,5,223,POR,P2,15
7,152,4,2,223,POR,P3,7
23,434,7,4,224,MAT,P1,20
10,136,4,3,224,MAT,P2,9
12,189,3,2,224,MAT,P3,11
20,270,4,3,224,POR,P1,20
13,195,4,2,224,POR,P2,12
10,255,4,3,224,POR,P3,8
27,671,9,5,225,MAT,P1,20
34,798,14,13,225,MAT,P2,25
32,709,4,2,225,MAT,P3,25
18,293,6,5,225,POR,P1,16
13,192,6,6,225,POR,P2,12
13,219,7,6,225,POR,P3,12
22,364,9,8,226,MAT,P1,21
14,279,3,3,226,MAT,P2,12
23,410,8,6,226,MAT,P3,19
12,294,3,2,226,POR,P1,12
7,86,2,2,226,POR,P2,7
8,132,1,0,226,POR,P3,7
35,775,15,10,227,MAT,P1,26
37,938,11,11,227,MAT,P2,27
23,508,10,10,227,MAT,P3,21
101,3860,30,21,227,POR,P1,52
84,2163,25,23,227,POR,P2,43
80,2302,18,14,227,POR,P3,40
42,975,15,11,228,MAT,P1,34
43,979,17,14,228,MAT,P2,28
40,792,13,10,228,MAT,P3,28
70,1850,21,16,228,POR,P1,40
74,2238,19,13,228,POR,P2,46
58,1568,18,14,228,POR,P3,34
4,46,0,0,229,MAT,P1,4
1,29,1,1,229,MAT,P2,1
3,40,1,1,229,MAT,P3,3
1,4,0,0,229,POR,P1,1
2,20,1,1,229,POR,P2,2
3,33,0,0,229,POR,P3,3
14,226,3,2,230,MAT,P1,10
7,124,1,1,230,MAT,P2,5
5,83,2,0,230,MAT,P3,5
11,228,7,6,230,POR,P1,10
14,275,3,2,230,POR,P2,13
15,244,8,7,230,POR,P3,13
1,17,0,0,231,MAT,P1,1
7,96,2,2,231,MAT,P2,7
4,48,2,0,231,MAT,P3,4
12,181,1,0,231,POR,P1,11
12,234,3,1,231,POR,P2,12
13,224,3,3,231,POR,P3,10
8,109,4,3,232,MAT,P1,8
7,139,4,3,232,MAT,P2,7
7,140,3,3,232,MAT,P3,7
12,216,2,1,232,POR,P1,10
13,198,3,3,232,POR,P2,11
6,142,3,3,232,POR,P3,6
6,75,2,1,233,MAT,P1,6
2,31,1,0,233,MAT,P2,2
4,50,0,0,233,MAT,P3,4
8,89,0,0,233,POR,P1,8
12,282,5,3,233,POR,P2,12
11,142,9,5,233,POR,P3,10
47,1355,15,11,234,MAT,P1,34
35,948,9,5,234,MAT,P2,26
36,917,15,11,234,MAT,P3,25
31,625,7,7,234,POR,P1,26
18,377,6,3,234,POR,P2,16
22,397,7,6,234,POR,P3,20
5,92,1,1,235,MAT,P1,5
11,167,4,2,235,MAT,P2,11
12,214,3,1,235,MAT,P3,11
8,117,4,2,235,POR,P1,7
11,235,5,4,235,POR,P2,10
13,205,4,2,235,POR,P3,12
8,180,4,4,236,MAT,P1,8
4,58,1,0,236,MAT,P2,4
6,104,1,0,236,MAT,P3,6
29,790,12,9,236,POR,P1,25
30,602,11,8,236,POR,P2,22
14,292,7,6,236,POR,P3,13
7,97,3,3,237,MAT,P2,7
4,32,1,1,237,MAT,P3,4
7,96,1,1,237,POR,P1,7
4,47,2,1,237,POR,P2,4
3,32,0,0,237,POR,P3,3
6,91,2,2,238,MAT,P1,6
3,30,1,1,238,MAT,P2,3
3,14,0,0,238,POR,P1,3
1,19,0,0,238,POR,P2,1
1,25,1,1,238,POR,P3,1
18,256,7,7,239,MAT,P1,15
8,365,2,1,239,MAT,P2,8
14,283,3,3,239,MAT,P3,12
11,157,5,3,239,POR,P1,10
11,159,5,4,239,POR,P2,7
4,271,1,0,239,POR,P3,4
17,356,2,2,240,MAT,P1,16
17,344,4,3,240,MAT,P2,16
8,71,2,2,240,MAT,P3,6
10,192,4,3,240,POR,P1,9
12,218,4,3,240,POR,P2,11
2,41,0,0,240,POR,P3,2
12,176,7,5,241,MAT,P1,11
15,269,3,1,241,MAT,P2,15
16,199,3,1,241,MAT,P3,13
9,352,1,1,241,POR,P1,9
6,88,1,1,241,POR,P2,5
9,408,1,1,241,POR,P3,8
14,306,4,4,242,MAT,P1,13
11,266,3,1,242,MAT,P2,10
9,240,5,5,242,MAT,P3,9
20,390,3,2,242,POR,P1,17
14,192,7,4,242,POR,P2,12
16,312,3,2,242,POR,P3,15
5,90,1,1,243,MAT,P1,5
3,38,0,0,243,MAT,P2,3
7,61,3,2,243,MAT,P3,7
22,466,9,9,243,POR,P1,17
12,256,4,4,243,POR,P2,11
8,130,1,0,243,POR,P3,8
2,37,0,0,244,MAT,P1,2
2,20,1,1,244,MAT,P2,2
2,25,0,0,244,MAT,P3,2
4,103,1,1,244,POR,P1,4
5,85,0,0,244,POR,P2,5
2,29,0,0,244,POR,P3,2
27,593,8,8,245,MAT,P1,21
33,774,8,7,245,MAT,P2,26
27,584,11,7,245,MAT,P3,20
45,947,15,11,245,POR,P1,34
34,956,9,7,245,POR,P2,29
27,507,7,5,245,POR,P3,22
14,383,4,2,246,MAT,P1,13
11,118,5,4,246,MAT,P2,10
12,218,1,1,246,MAT,P3,11
9,138,2,2,246,POR,P1,8
12,431,3,0,246,POR,P2,11
8,131,3,3,246,POR,P3,8
10,151,2,1,247,MAT,P1,10
9,97,1,1,247,MAT,P2,8
5,90,2,2,247,MAT,P3,4
16,482,4,4,247,POR,P1,14
18,307,6,5,247,POR,P2,18
8,246,3,2,247,POR,P3,7
73,2321,22,17,248,MAT,P1,47
55,1529,17,14,248,MAT,P2,37
52,1632,15,11,248,MAT,P3,33
55,1361,20,13,248,POR,P1,36
28,648,7,4,248,POR,P2,25
26,654,6,4,248,POR,P3,21
97,2730,26,20,249,MAT,P1,53
93,2867,29,26,249,MAT,P2,49
87,2429,19,17,249,MAT,P3,40
73,2237,20,13,249,POR,P1,45
64,1663,13,10,249,POR,P2,37
53,1219,14,12,249,POR,P3,33
8,138,4,4,250,MAT,P1,8
8,96,3,2,250,MAT,P2,8
1,24,0,0,250,MAT,P3,1
20,327,6,5,250,POR,P1,16
24,323,10,6,250,POR,P2,19
14,279,2,2,250,POR,P3,11
12,205,4,4,251,MAT,P1,12
12,219,2,2,251,MAT,P2,11
13,225,6,5,251,MAT,P3,12
13,163,2,2,251,POR,P1,11
8,75,1,1,251,POR,P2,7
12,178,4,3,251,POR,P3,10
31,1076,10,6,252,MAT,P1,26
34,667,10,7,252,MAT,P2,27
23,370,10,9,252,MAT,P3,21
3,23,2,2,252,POR,P1,3
6,104,1,1,252,POR,P2,6
7,87,3,1,252,POR,P3,5
14,417,7,6,253,POR,P1,14
15,244,10,7,253,POR,P2,13
19,365,9,7,253,POR,P3,16
4,63,0,0,254,POR,P1,4
1,14,1,1,254,POR,P2,1
4,46,2,2,254,POR,P3,3
5,73,1,0,255,POR,P1,5
7,90,2,2,255,POR,P2,6
9,179,3,3,255,POR,P3,8
5,127,1,1,256,POR,P1,5
10,125,6,6,256,POR,P2,7
12,190,3,3,256,POR,P3,10
4,40,1,1,257,POR,P1,4
3,24,0,0,257,POR,P2,3
4,55,1,1,257,POR,P3,4
2,30,0,0,258,POR,P1,2
2,31,0,0,258,POR,P2,2
3,59,2,2,258,POR,P3,3
4,56,0,0,259,POR,P1,4
8,114,3,2,259,POR,P2,6
4,44,0,0,259,POR,P3,4
23,485,7,4,260,POR,P1,20
40,858,9,7,260,POR,P2,29
45,1007,6,4,260,POR,P3,32
13,240,4,3,261,POR,P1,11
17,353,8,8,261,POR,P2,14
15,292,4,2,261,POR,P3,14
4,64,0,0,262,MAT,P1,4
10,118,2,2,262,MAT,P2,10
5,65,1,0,262,MAT,P3,5
6,97,1,1,262,POR,P1,6
4,63,3,3,262,POR,P2,3
4,32,0,0,262,POR,P3,4
6,75,1,1,263,POR,P1,6
3,36,0,0,263,POR,P2,3
5,61,0,0,263,POR,P3,5
3,261,2,1,264,MAT,P1,3
1,10,0,0,264,MAT,P2,1
8,136,4,3,264,POR,P1,8
7,150,3,3,264,POR,P2,6
9,354,2,0,264,POR,P3,8
2,47,1,1,265,POR,P1,2
1,9,0,0,265,POR,P2,1
6,325,2,1,265,POR,P3,6
35,883,12,10,266,POR,P1,30
35,729,14,10,266,POR,P2,29
17,317,2,0,266,POR,P3,17
4,45,0,0,267,POR,P1,4
1,17,1,0,267,POR,P2,1
3,55,1,0,267,POR,P3,3
13,301,5,2,268,MAT,P1,13
15,244,2,1,268,MAT,P2,12
7,109,3,2,268,MAT,P3,6
12,424,3,3,268,POR,P1,11
19,366,8,4,268,POR,P2,16
15,597,3,2,268,POR,P3,15
24,345,6,5,269,MAT,P1,21
23,498,10,8,269,MAT,P2,19
16,325,2,0,269,MAT,P3,16
20,379,2,1,269,POR,P1,19
20,452,10,5,269,POR,P2,15
16,421,7,7,269,POR,P3,12
6,87,2,1,270,MAT,P1,6
3,49,0,0,270,MAT,P2,3
13,149,3,3,270,POR,P1,12
11,140,4,4,270,POR,P2,11
15,289,4,2,270,POR,P3,13
2,20,1,1,271,MAT,P1,2
6,52,4,2,271,MAT,P2,6
1,6,1,1,271,MAT,P3,1
10,408,7,5,271,POR,P1,10
11,227,2,2,271,POR,P2,10
11,279,4,4,271,POR,P3,11
17,354,9,7,272,POR,P1,13
10,251,2,1,272,POR,P2,10
20,590,8,7,272,POR,P3,16
11,167,8,7,273,POR,P1,10
7,96,2,1,273,POR,P2,7
7,90,1,1,273,POR,P3,7
43,1073,18,15,274,POR,P1,30
48,1062,14,10,274,POR,P2,33
40,1139,16,11,274,POR,P3,27
29,651,8,6,275,POR,P1,24
18,320,7,6,275,POR,P2,14
16,328,3,3,275,POR,P3,12
41,844,11,7,276,MAT,P1,30
49,1064,11,8,276,MAT,P2,35
28,575,9,8,276,MAT,P3,21
15,224,4,2,276,POR,P1,14
29,674,9,6,276,POR,P2,22
19,463,7,5,276,POR,P3,17
24,423,9,6,277,MAT,P1,21
11,262,4,3,277,MAT,P2,10
21,308,7,6,277,MAT,P3,17
14,445,2,2,277,POR,P1,11
14,334,3,2,277,POR,P2,13
8,135,1,1,277,POR,P3,8
3,33,3,1,278,POR,P1,2
8,153,2,2,278,POR,P2,8
2,24,0,0,278,POR,P3,1
29,617,7,6,279,MAT,P1,26
32,613,11,9,279,MAT,P2,23
22,712,6,3,279,MAT,P3,20
58,1423,19,12,279,POR,P1,38
54,1275,18,13,279,POR,P2,30
40,1040,12,8,279,POR,P3,29
8,149,3,0,280,MAT,P1,8
9,182,3,2,280,MAT,P2,8
6,108,2,2,280,MAT,P3,6
1,8,1,0,280,POR,P1,1
1,3,1,1,280,POR,P2,1
4,57,1,1,280,POR,P3,4
10,152,4,2,281,MAT,P1,10
8,91,2,1,281,MAT,P2,7
10,141,3,2,281,MAT,P3,10
45,1074,13,10,281,POR,P1,36
44,1199,10,9,281,POR,P2,30
22,790,7,5,281,POR,P3,19
1,6,0,0,282,MAT,P1,1
2,8,2,1,282,MAT,P2,2
2,16,2,2,282,POR,P1,2
3,37,0,0,282,POR,P2,3
4,63,2,2,282,POR,P3,3
10,216,3,3,283,MAT,P1,9
8,110,2,1,283,MAT,P2,8
5,122,0,0,283,MAT,P3,5
18,437,8,7,283,POR,P1,15
24,477,5,1,283,POR,P2,19
8,194,1,0,283,POR,P3,8
15,376,5,3,284,MAT,P1,15
11,184,3,2,284,MAT,P2,10
13,209,3,2,284,MAT,P3,12
8,113,3,2,284,POR,P1,8
10,118,1,0,284,POR,P2,9
6,106,3,2,284,POR,P3,6
2,8,1,1,285,MAT,P1,2
6,62,3,3,285,MAT,P2,6
3,65,1,1,285,MAT,P3,3
2,20,2,2,285,POR,P1,2
3,41,1,1,285,POR,P2,3
1,9,0,0,285,POR,P3,1
1,12,0,0,286,MAT,P1,1
4,80,2,1,286,MAT,P2,4
4,65,1,1,286,MAT,P3,3
16,236,6,5,286,POR,P1,13
14,186,7,6,286,POR,P2,13
10,261,2,2,286,POR,P3,10
18,313,5,4,287,MAT,P1,17
14,313,4,2,287,MAT,P2,14
9,175,1,1,287,MAT,P3,8
6,153,1,1,287,POR,P1,6
17,354,7,7,287,POR,P2,13
19,353,8,4,287,POR,P3,16
9,85,1,1,288,MAT,P1,8
7,98,1,1,288,MAT,P2,7
7,170,1,1,288,MAT,P3,7
14,220,2,1,288,POR,P1,12
7,75,4,3,288,POR,P2,7
7,96,1,1,288,POR,P3,5
10,210,4,3,289,POR,P1,10
8,158,4,2,289,POR,P2,8
6,101,1,1,289,POR,P3,6
11,180,2,1,290,MAT,P1,9
5,55,4,2,290,MAT,P2,4
4,56,0,0,290,MAT,P3,4
14,266,0,0,290,POR,P1,14
15,274,2,1,290,POR,P2,10
10,205,2,2,290,POR,P3,9
7,70,3,3,291,POR,P1,7
6,90,3,3,291,POR,P2,5
6,73,3,3,291,POR,P3,6
4,68,3,1,292,POR,P1,4
3,24,0,0,292,POR,P2,3
1,6,0,0,292,POR,P3,1
33,899,7,5,293,POR,P1,27
26,418,9,7,293,POR,P2,26
22,467,6,2,293,POR,P3,19
5,69,1,0,294,POR,P1,5
3,26,1,1,294,POR,P2,3
10,162,5,3,294,POR,P3,9
6,159,2,2,295,POR,P1,6
5,91,1,0,295,POR,P2,4
10,222,1,1,295,POR,P3,9
33,607,8,7,296,MAT,P1,24
34,615,8,5,296,MAT,P2,29
27,571,5,3,296,MAT,P3,22
26,917,6,6,296,POR,P1,22
22,420,9,7,296,POR,P2,19
10,159,5,5,296,POR,P3,10
18,326,7,4,297,MAT,P1,17
24,509,4,4,297,MAT,P2,19
22,486,8,7,297,MAT,P3,16
15,450,4,3,297,POR,P1,14
9,172,2,1,297,POR,P2,9
14,417,5,4,297,POR,P3,13
6,68,3,1,298,POR,P1,6
4,77,1,0,298,POR,P2,4
9,134,4,3,298,POR,P3,8
21,625,2,2,299,MAT,P1,18
18,366,5,2,299,MAT,P2,14
14,472,2,2,299,MAT,P3,9
12,188,7,3,299,POR,P1,11
10,127,2,2,299,POR,P2,9
12,202,3,2,299,POR,P3,11
18,328,4,4,300,POR,P1,16
13,177,4,3,300,POR,P2,12
17,323,5,4,300,POR,P3,14
38,796,11,10,301,MAT,P1,26
48,1232,9,4,301,MAT,P2,31
32,682,6,4,301,MAT,P3,25
29,819,15,10,301,POR,P1,23
22,478,8,6,301,POR,P2,19
18,364,7,5,301,POR,P3,16
3,32,2,1,302,MAT,P1,3
3,55,1,0,302,MAT,P2,3
4,58,2,2,302,MAT,P3,4
1,16,0,0,302,POR,P1,1
7,136,3,2,302,POR,P2,6
4,288,0,0,302,POR,P3,4
33,705,14,9,303,MAT,P1,25
18,375,7,5,303,MAT,P2,17
27,783,7,6,303,MAT,P3,19
29,589,7,4,303,POR,P1,25
22,378,8,6,303,POR,P2,21
20,435,7,6,303,POR,P3,17
8,149,3,3,304,MAT,P1,8
4,338,1,1,304,MAT,P2,4
4,64,3,2,304,MAT,P3,4
6,105,3,3,304,POR,P1,5
9,178,0,0,304,POR,P2,7
3,88,3,2,304,POR,P3,3
29,605,11,7,305,MAT,P1,25
32,741,8,6,305,MAT,P2,27
17,575,5,5,305,MAT,P3,14
29,674,12,10,305,POR,P1,26
23,434,8,6,305,POR,P2,20
25,594,8,5,305,POR,P3,23
7,128,2,2,306,POR,P1,7
12,236,2,1,306,POR,P2,11
3,51,0,0,306,POR,P3,2
33,643,11,6,307,MAT,P1,27
27,557,7,6,307,MAT,P2,22
24,482,10,9,307,MAT,P3,19
6,68,1,1,307,POR,P1,6
3,39,0,0,307,POR,P2,3
7,109,4,3,307,POR,P3,7
76,1910,28,22,308,MAT,P1,49
65,1647,16,13,308,MAT,P2,37
65,1712,24,20,308,MAT,P3,33
19,337,5,4,308,POR,P1,14
22,677,8,8,308,POR,P2,17
14,349,3,2,308,POR,P3,13
44,968,16,14,309,MAT,P1,32
30,708,6,6,309,MAT,P2,26
27,512,11,7,309,MAT,P3,19
22,463,6,6,309,POR,P1,19
17,368,3,2,309,POR,P2,14
21,483,3,3,309,POR,P3,16
25,515,7,4,310,MAT,P1,21
26,515,11,7,310,MAT,P2,21
30,603,12,9,310,MAT,P3,24
15,188,4,4,310,POR,P1,12
7,110,2,1,310,POR,P2,7
14,336,3,3,310,POR,P3,13
20,417,7,6,311,MAT,P1,17
23,378,6,3,311,MAT,P2,21
16,334,6,6,311,MAT,P3,16
10,193,5,3,311,POR,P1,10
7,198,2,2,311,POR,P2,6
5,58,1,1,311,POR,P3,5
16,270,5,5,312,MAT,P1,15
19,299,4,4,312,MAT,P2,18
15,293,4,3,312,MAT,P3,14
44,1058,15,12,312,POR,P1,33
33,969,15,12,312,POR,P2,24
21,469,8,6,312,POR,P3,19
45,1064,14,9,313,MAT,P1,32
42,928,13,8,313,MAT,P2,28
30,838,8,6,313,MAT,P3,25
66,1748,21,16,313,POR,P1,42
76,1883,25,21,313,POR,P2,44
67,1884,14,12,313,POR,P3,40
10,142,3,3,314,MAT,P1,9
5,81,2,2,314,MAT,P2,5
6,92,0,0,314,MAT,P3,5
10,175,2,1,314,POR,P1,9
11,165,5,4,314,POR,P2,11
2,32,1,1,314,POR,P3,2
27,546,8,4,315,MAT,P1,21
22,378,6,6,315,MAT,P2,16
20,487,7,6,315,MAT,P3,16
18,241,6,4,315,POR,P1,16
14,281,4,3,315,POR,P2,14
10,170,6,3,315,POR,P3,10
27,503,8,6,316,POR,P1,21
34,642,7,5,316,POR,P2,27
27,948,10,9,316,POR,P3,22
12,189,5,3,317,MAT,P1,10
14,396,7,6,317,MAT,P2,12
7,113,3,2,317,MAT,P3,7
29,685,8,5,317,POR,P1,22
19,369,6,5,317,POR,P2,18
17,477,5,2,317,POR,P3,15
10,213,2,2,318,MAT,P1,9
17,271,4,4,318,MAT,P2,15
12,159,2,1,318,MAT,P3,9
13,306,4,3,318,POR,P1,12
8,145,3,3,318,POR,P2,8
13,166,4,2,318,POR,P3,13
28,563,6,5,319,MAT,P1,20
19,321,4,3,319,MAT,P2,17
12,199,3,2,319,MAT,P3,11
15,263,5,5,319,POR,P1,11
17,295,2,2,319,POR,P2,15
13,367,3,2,319,POR,P3,12
8,119,2,2,320,MAT,P1,8
5,62,3,1,320,MAT,P2,5
4,48,2,1,320,MAT,P3,4
6,57,3,3,320,POR,P1,6
2,246,1,0,320,POR,P2,2
3,70,1,1,320,POR,P3,3
23,732,8,6,321,MAT,P1,20
23,680,7,2,321,MAT,P2,19
13,243,8,6,321,MAT,P3,13
26,421,9,8,321,POR,P1,19
20,397,3,3,321,POR,P2,16
18,301,4,4,321,POR,P3,16
27,758,11,7,322,POR,P1,23
19,383,4,3,322,POR,P2,18
17,359,5,3,322,POR,P3,14
40,794,7,6,323,POR,P1,29
27,556,9,7,323,POR,P2,22
32,705,8,5,323,POR,P3,21
45,1130,16,11,324,MAT,P1,30
26,634,8,7,324,MAT,P2,22
21,777,10,7,324,MAT,P3,16
14,278,5,4,324,POR,P1,14
11,174,3,2,324,POR,P2,10
12,224,6,5,324,POR,P3,8
23,602,8,6,325,POR,P1,20
22,427,5,5,325,POR,P2,18
24,426,11,7,325,POR,P3,19
18,282,2,1,326,MAT,P1,16
11,132,3,3,326,MAT,P2,10
8,169,2,2,326,MAT,P3,8
9,210,4,4,326,POR,P1,8
15,273,4,3,326,POR,P2,12
14,252,5,4,326,POR,P3,13
3,43,1,1,327,MAT,P1,3
3,18,0,0,327,MAT,P3,3
7,77,2,1,327,POR,P1,6
6,121,3,3,327,POR,P2,6
7,127,1,0,327,POR,P3,7
23,524,7,5,328,MAT,P1,18
19,394,7,6,328,MAT,P2,14
23,446,5,5,328,MAT,P3,15
18,385,8,7,328,POR,P1,17
12,177,3,2,328,POR,P2,11
11,218,2,1,328,POR,P3,10
16,347,6,3,329,MAT,P1,13
13,435,2,2,329,MAT,P2,13
13,384,5,4,329,MAT,P3,12
4,40,1,1,329,POR,P1,4
5,56,2,0,329,POR,P2,5
3,30,0,0,329,POR,P3,3
8,97,2,1,330,MAT,P1,7
4,72,0,0,330,MAT,P2,4
4,69,1,0,330,MAT,P3,4
20,422,7,6,330,POR,P1,17
19,377,4,3,330,POR,P2,19
14,230,1,1,330,POR,P3,14
43,881,13,8,331,POR,P1,35
24,624,9,9,331,POR,P2,18
33,598,12,9,331,POR,P3,22
25,582,4,4,332,MAT,P1,22
22,441,8,5,332,MAT,P2,18
9,160,3,3,332,MAT,P3,9
12,172,5,4,332,POR,P1,10
12,212,3,2,332,POR,P2,11
10,155,3,2,332,POR,P3,10
17,358,6,3,333,MAT,P1,13
4,43,2,1,333,MAT,P2,4
8,177,4,4,333,MAT,P3,8
38,976,13,11,333,POR,P1,30
35,709,8,6,333,POR,P2,28
26,590,7,6,333,POR,P3,19
15,351,4,2,334,MAT,P1,13
11,197,3,3,334,MAT,P2,8
8,134,5,3,334,MAT,P3,8
17,319,6,3,334,POR,P1,17
12,236,4,4,334,POR,P2,12
11,192,3,2,334,POR,P3,10
15,343,2,1,335,MAT,P1,14
18,349,5,4,335,MAT,P2,17
13,247,4,3,335,MAT,P3,12
13,240,5,2,335,POR,P1,11
18,405,4,4,335,POR,P2,16
11,236,2,2,335,POR,P3,10
4,78,0,0,336,MAT,P1,4
2,21,1,0,336,MAT,P2,2
2,26,1,1,336,MAT,P3,2
15,247,5,5,336,POR,P1,15
11,181,5,2,336,POR,P2,11
8,224,4,3,336,POR,P3,8
16,528,6,4,337,MAT,P1,14
17,310,2,2,337,MAT,P2,16
10,212,2,2,337,MAT,P3,10
2,19,2,2,337,POR,P1,2
5,89,1,0,337,POR,P2,5
1,17,1,0,337,POR,P3,1
17,339,4,3,338,MAT,P1,13
14,304,4,3,338,MAT,P2,12
16,189,8,7,338,MAT,P3,13
15,315,2,2,338,POR,P1,15
19,353,7,4,338,POR,P2,15
4,82,2,2,338,POR,P3,3
19,351,4,2,339,MAT,P1,17
18,304,8,8,339,MAT,P2,16
22,399,10,6,339,MAT,P3,17
40,705,17,14,339,POR,P1,31
25,542,5,3,339,POR,P2,23
20,383,8,7,339,POR,P3,17
10,273,4,3,340,MAT,P1,10
5,60,2,2,340,MAT,P2,5
7,166,3,2,340,MAT,P3,6
48,1041,10,8,340,POR,P1,30
31,685,11,7,340,POR,P2,26
40,1020,14,12,340,POR,P3,24
6,82,2,0,341,MAT,P1,6
3,81,0,0,341,MAT,P2,3
6,83,3,2,341,MAT,P3,6
7,142,2,2,341,POR,P1,7
4,34,1,1,341,POR,P2,4
1,17,1,1,341,POR,P3,1
4,64,0,0,342,MAT,P1,4
5,97,1,1,342,MAT,P2,5
2,23,0,0,342,MAT,P3,2
10,135,1,1,342,POR,P1,9
10,188,2,2,342,POR,P2,9
7,143,3,2,342,POR,P3,6
22,383,7,5,343,MAT,P1,18
20,395,6,5,343,MAT,P2,18
28,522,3,2,343,MAT,P3,21
3,42,0,0,343,POR,P1,3
4,58,2,1,343,POR,P2,4
1,15,0,0,343,POR,P3,1
22,418,9,8,344,MAT,P1,19
25,498,7,4,344,MAT,P2,19
22,441,2,2,344,MAT,P3,21
24,749,8,5,344,POR,P1,19
11,209,5,4,344,POR,P2,11
9,167,4,4,344,POR,P3,8
43,991,12,11,345,MAT,P1,31
27,568,8,6,345,MAT,P2,22
27,607,7,4,345,MAT,P3,21
13,305,3,1,345,POR,P1,12
16,281,6,3,345,POR,P2,14
15,303,5,4,345,POR,P3,13
8,129,1,1,346,MAT,P1,7
3,27,1,1,346,MAT,P2,3
6,68,2,1,346,MAT,P3,6
8,171,1,0,346,POR,P1,8
6,63,2,0,346,POR,P2,6
7,149,1,1,346,POR,P3,7
28,448,9,4,347,MAT,P1,23
19,343,6,6,347,MAT,P2,18
14,222,4,2,347,MAT,P3,13
8,169,5,3,347,POR,P1,7
7,156,3,2,347,POR,P2,7
7,95,3,2,347,POR,P3,6
29,538,9,8,348,POR,P1,28
36,691,7,6,348,POR,P2,26
28,657,6,4,348,POR,P3,21
4,64,1,0,349,MAT,P1,4
4,75,2,2,349,MAT,P2,4
5,71,2,2,349,MAT,P3,5
15,351,4,3,349,POR,P1,14
6,86,0,0,349,POR,P2,6
9,192,3,3,349,POR,P3,9
35,713,15,12,350,MAT,P1,28
33,713,9,6,350,MAT,P2,26
24,458,6,2,350,MAT,P3,21
51,1193,17,13,350,POR,P1,38
35,918,10,8,350,POR,P2,26
25,650,10,7,350,POR,P3,18
15,228,6,5,351,POR,P1,13
10,183,2,1,351,POR,P2,9
16,275,5,4,351,POR,P3,16
6,127,1,0,352,MAT,P1,6
4,65,1,0,352,MAT,P2,4
3,49,1,1,352,MAT,P3,3
10,140,2,1,352,POR,P1,9
10,99,1,1,352,POR,P2,8
5,72,3,3,352,POR,P3,3
11,158,5,4,353,MAT,P1,9
5,81,1,1,353,MAT,P2,5
9,133,4,4,353,MAT,P3,9
10,402,1,1,353,POR,P1,10
9,179,5,4,353,POR,P2,8
8,180,1,1,353,POR,P3,8
9,125,4,2,354,POR,P1,8
10,111,1,1,354,POR,P2,9
3,41,0,0,354,POR,P3,3
23,440,8,7,355,MAT,P1,18
20,493,7,7,355,MAT,P2,15
14,341,5,4,355,MAT,P3,13
35,796,6,5,355,POR,P1,30
43,1143,10,7,355,POR,P2,30
33,800,13,9,355,POR,P3,27
3,36,1,1,356,POR,P1,3
7,116,1,0,356,POR,P2,7
6,64,4,4,356,POR,P3,6
2,21,1,1,357,POR,P1,2
7,145,2,1,357,POR,P2,7
6,104,2,2,357,POR,P3,6
31,803,10,6,358,MAT,P1,27
42,910,18,15,358,MAT,P2,25
26,455,7,6,358,MAT,P3,21
27,483,10,7,358,POR,P1,20
37,943,14,8,358,POR,P2,28
22,689,7,5,358,POR,P3,18
5,74,1,1,359,POR,P1,5
8,149,2,2,359,POR,P2,8
6,83,0,0,359,POR,P3,6
53,1299,23,17,360,MAT,P1,37
48,1123,15,11,360,MAT,P2,33
46,1122,12,9,360,MAT,P3,33
23,459,7,5,360,POR,P1,21
26,778,13,10,360,POR,P2,22
15,244,6,6,360,POR,P3,12
24,491,8,8,361,POR,P1,22
11,251,3,3,361,POR,P2,11
12,238,2,1,361,POR,P3,12
72,1675,15,13,362,POR,P1,47
56,1519,11,7,362,POR,P2,37
65,1930,21,18,362,POR,P3,33
27,831,12,8,363,MAT,P1,23
14,291,3,3,363,MAT,P2,10
18,460,4,3,363,MAT,P3,16
15,197,5,4,363,POR,P1,13
12,237,2,2,363,POR,P2,10
13,220,3,3,363,POR,P3,12
5,54,2,2,364,POR,P1,5
10,150,3,1,364,POR,P2,10
8,120,5,4,364,POR,P3,8
12,244,5,4,365,POR,P1,11
16,266,6,6,365,POR,P2,14
11,223,2,1,365,POR,P3,9
35,604,6,5,366,MAT,P1,26
23,535,5,3,366,MAT,P2,17
29,546,9,7,366,MAT,P3,23
16,346,4,3,366,POR,P1,14
18,410,3,3,366,POR,P2,15
25,444,11,10,366,POR,P3,18
38,734,13,11,367,POR,P1,26
33,669,12,11,367,POR,P2,25
26,558,9,7,367,POR,P3,21
18,304,2,2,368,POR,P1,14
11,194,1,0,368,POR,P2,11
7,56,2,1,368,POR,P3,7
11,231,2,2,369,POR,P1,11
6,97,3,3,369,POR,P2,6
10,157,1,1,369,POR,P3,9
24,378,9,7,370,POR,P1,19
20,409,4,3,370,POR,P2,18
23,522,6,4,370,POR,P3,19
8,187,2,2,371,POR,P1,8
6,74,2,1,371,POR,P2,6
4,49,0,0,371,POR,P3,4
20,347,11,7,372,POR,P1,18
10,230,5,3,372,POR,P2,10
18,327,4,2,372,POR,P3,12
13,160,4,3,373,MAT,P1,12
28,482,11,10,373,MAT,P2,23
12,309,2,1,373,MAT,P3,11
5,85,1,1,373,POR,P1,5
7,115,3,3,373,POR,P2,7
5,77,1,1,373,POR,P3,4
44,1076,17,10,374,MAT,P1,35
44,970,16,10,374,MAT,P2,31
26,684,12,9,374,MAT,P3,20
80,2126,26,21,374,POR,P1,47
90,2691,22,15,374,POR,P2,43
61,1636,26,21,374,POR,P3,39
41,1115,13,11,375,MAT,P1,25
32,662,12,7,375,MAT,P2,23
34,693,5,5,375,MAT,P3,28
27,544,7,5,375,POR,P1,22
15,308,6,4,375,POR,P2,13
16,237,4,2,375,POR,P3,15
46,954,16,11,376,MAT,P1,31
52,1149,18,12,376,MAT,P2,39
39,832,13,11,376,MAT,P3,24
59,1479,22,14,376,POR,P1,37
44,1292,10,7,376,POR,P2,29
52,1611,11,9,376,POR,P3,33
14,270,4,4,377,POR,P1,13
14,277,5,3,377,POR,P2,13
7,105,3,3,377,POR,P3,7
8,127,2,1,378,MAT,P1,8
9,131,7,6,378,MAT,P2,7
5,85,3,2,378,MAT,P3,5
6,80,0,0,378,POR,P1,6
5,74,2,1,378,POR,P2,5
7,102,1,1,378,POR,P3,6
11,199,5,3,379,MAT,P1,10
8,207,2,2,379,MAT,P2,7
7,81,4,4,379,MAT,P3,7
45,955,11,8,379,POR,P1,32
44,1092,15,9,379,POR,P2,36
29,861,8,7,379,POR,P3,22
1,7,1,1,380,MAT,P1,1
8,119,4,3,380,MAT,P2,7
5,75,2,2,380,MAT,P3,5
6,125,1,0,380,POR,P1,6
17,313,5,3,380,POR,P2,14
7,138,4,3,380,POR,P3,7
19,292,3,2,381,MAT,P1,17
17,281,4,3,381,MAT,P2,13
12,207,4,3,381,MAT,P3,10
46,1120,19,10,381,POR,P1,36
38,875,12,9,381,POR,P2,29
36,816,13,7,381,POR,P3,26
75,2166,21,13,382,MAT,P1,41
81,2413,26,21,382,MAT,P2,44
67,1932,21,17,382,MAT,P3,36
82,2052,21,16,382,POR,P1,46
63,1580,13,10,382,POR,P2,43
46,1070,13,10,382,POR,P3,29
2,22,0,0,383,POR,P1,2
2,55,0,0,383,POR,P2,2
1,6,0,0,383,POR,P3,1
23,350,7,5,384,MAT,P1,21
14,251,3,1,384,MAT,P2,12
16,322,5,3,384,MAT,P3,15
21,406,11,11,384,POR,P1,15
19,314,4,2,384,POR,P2,19
17,348,5,4,384,POR,P3,16
4,59,1,1,385,POR,P1,4
3,63,1,1,385,POR,P2,3
3,67,0,0,386,POR,P1,3
6,112,2,1,386,POR,P2,6
4,54,2,2,386,POR,P3,4
29,449,6,4,387,MAT,P1,25
29,416,12,6,387,MAT,P2,25
25,495,10,9,387,MAT,P3,20
34,643,10,7,387,POR,P1,27
28,587,6,5,387,POR,P2,21
28,634,12,8,387,POR,P3,23
14,182,3,1,388,POR,P1,12
17,319,7,6,388,POR,P2,13
14,259,4,4,388,POR,P3,12
21,616,7,6,389,MAT,P1,17
19,371,6,4,389,MAT,P2,18
11,234,3,3,389,MAT,P3,11
37,759,14,13,389,POR,P1,30
27,652,5,4,389,POR,P2,20
25,1024,5,3,389,POR,P3,22
16,370,7,6,390,MAT,P1,14
17,226,4,3,390,MAT,P2,15
8,200,3,2,390,MAT,P3,7
1,4,0,0,390,POR,P1,1
1,23,0,0,390,POR,P2,1
4,45,0,0,391,MAT,P1,4
6,82,2,2,391,MAT,P2,6
4,74,3,2,391,MAT,P3,4
4,37,0,0,391,POR,P1,4
8,144,4,4,391,POR,P2,7
5,52,0,0,391,POR,P3,5
8,109,2,0,392,MAT,P1,7
9,133,1,1,392,MAT,P2,9
9,139,2,2,392,MAT,P3,9
20,621,5,4,392,POR,P1,17
12,332,5,4,392,POR,P2,10
18,279,4,2,392,POR,P3,15
14,473,3,1,393,MAT,P1,12
26,452,5,4,393,MAT,P2,22
21,668,3,2,393,MAT,P3,17
9,162,3,3,393,POR,P1,7
3,100,0,0,393,POR,P2,3
3,51,2,1,393,POR,P3,3
44,807,18,16,394,MAT,P1,33
39,937,10,7,394,MAT,P2,33
32,593,6,6,394,MAT,P3,23
23,549,9,6,394,POR,P1,20
14,314,5,3,394,POR,P2,11
15,360,5,4,394,POR,P3,15
17,353,6,5,395,MAT,P1,15
15,299,4,4,395,MAT,P2,14
5,117,2,2,395,MAT,P3,5
47,1195,14,12,395,POR,P1,35
41,1118,10,5,395,POR,P2,32
44,1330,12,10,395,POR,P3,31
11,155,2,2,396,MAT,P1,10
6,101,1,1,396,MAT,P2,6
5,89,1,0,396,MAT,P3,5
17,346,6,3,396,POR,P1,15
23,372,5,3,396,POR,P2,19
9,220,5,3,396,POR,P3,9
7,77,2,2,397,MAT,P1,6
8,159,2,2,397,MAT,P2,7
4,52,2,1,397,MAT,P3,4
56,1364,15,9,397,POR,P1,36
39,1295,10,5,397,POR,P2,32
43,972,9,7,397,POR,P3,27
10,271,4,3,398,MAT,P1,10
17,326,3,3,398,MAT,P2,15
16,323,5,3,398,MAT,P3,13
23,415,6,4,398,POR,P1,17
17,340,11,10,398,POR,P2,16
17,304,8,7,398,POR,P3,16
42,1031,11,6,399,MAT,P1,30
29,842,13,11,399,MAT,P2,22
30,562,7,5,399,MAT,P3,23
17,367,4,3,399,POR,P1,16
7,113,2,1,399,POR,P2,7
13,504,3,3,399,POR,P3,12
36,677,7,6,400,MAT,P1,28
28,458,7,6,400,MAT,P2,24
25,599,7,5,400,MAT,P3,20
13,215,5,5,400,POR,P1,12
11,177,2,2,400,POR,P2,10
10,115,3,2,400,POR,P3,9
14,516,6,5,401,MAT,P1,12
16,291,8,6,401,MAT,P2,15
14,201,6,4,401,MAT,P3,14
15,305,3,1,401,POR,P1,14
17,307,7,7,401,POR,P2,15
11,243,4,3,401,POR,P3,10
19,434,3,1,402,MAT,P1,17
12,222,3,3,402,MAT,P2,11
15,257,4,1,402,MAT,P3,14
32,663,12,7,402,POR,P1,29
40,774,11,6,402,POR,P2,27
27,630,12,10,402,POR,P3,20
36,737,10,7,403,MAT,P1,30
42,1022,14,12,403,MAT,P2,28
22,431,6,5,403,MAT,P3,20
46,1330,14,12,403,POR,P1,35
34,689,10,7,403,POR,P2,26
44,823,14,13,403,POR,P3,30
16,269,6,3,404,POR,P1,13
13,288,5,3,404,POR,P2,13
9,128,2,1,404,POR,P3,9
22,415,6,2,405,POR,P1,20
22,627,12,9,405,POR,P2,18
21,462,8,3,405,POR,P3,20
5,42,3,1,406,POR,P1,5
2,41,1,1,406,POR,P2,2
2,34,0,0,406,POR,P3,2
29,825,9,9,407,POR,P1,23
28,573,10,6,407,POR,P2,22
18,403,3,3,407,POR,P3,13
4,69,1,1,408,POR,P1,4
7,144,2,2,408,POR,P2,7
7,95,1,0,408,POR,P3,6
7,104,1,1,409,POR,P1,7
7,157,4,2,409,POR,P2,6
7,140,2,2,409,POR,P3,7
17,490,3,3,410,POR,P1,17
20,319,5,4,410,POR,P2,18
11,185,3,2,410,POR,P3,10
8,99,4,2,411,POR,P1,7
4,46,1,1,411,POR,P2,4
3,36,1,1,411,POR,P3,3
20,342,7,2,412,POR,P1,17
13,253,4,3,412,POR,P2,11
19,326,8,3,412,POR,P3,17
16,244,11,9,413,POR,P1,14
19,417,6,6,413,POR,P2,18
13,275,2,2,413,POR,P3,13
12,292,1,0,414,POR,P1,11
12,275,2,2,414,POR,P2,11
10,169,3,3,414,POR,P3,8
16,467,3,3,415,POR,P1,14
18,393,2,2,415,POR,P2,18
20,362,5,4,415,POR,P3,15
7,142,2,1,416,POR,P1,5
5,368,1,0,416,POR,P2,4
9,152,3,3,416,POR,P3,8
26,512,4,4,417,POR,P1,22
21,423,6,4,417,POR,P2,19
20,467,7,5,417,POR,P3,15
60,2037,12,7,418,POR,P1,36
46,947,13,11,418,POR,P2,32
47,1389,14,8,418,POR,P3,28
29,614,9,8,419,POR,P1,24
15,393,3,3,419,POR,P2,14
10,187,4,1,419,POR,P3,9
23,499,11,8,420,POR,P1,22
19,491,4,4,420,POR,P2,16
24,421,7,6,420,POR,P3,21
11,234,2,2,421,POR,P1,11
8,122,2,2,421,POR,P2,7
8,186,3,3,421,POR,P3,6
7,167,2,1,422,POR,P1,7
12,177,2,1,422,POR,P2,12
7,352,2,2,422,POR,P3,7
20,561,8,4,423,POR,P1,17
16,251,8,4,423,POR,P2,13
21,405,5,3,423,POR,P3,18
6,118,2,1,424,POR,P1,6
2,25,0,0,424,POR,P2,2
8,126,3,3,424,POR,P3,8
12,244,4,3,425,POR,P1,12
20,559,5,5,425,POR,P2,19
9,192,3,1,425,POR,P3,7
5,99,3,3,426,POR,P1,5
2,24,1,1,426,POR,P2,2
1,45,1,1,426,POR,P3,1
13,245,2,2,427,POR,P1,13
7,83,3,2,427,POR,P2,7
4,55,1,0,427,POR,P3,4
20,298,4,2,428,POR,P1,18
20,409,9,5,428,POR,P2,16
11,167,5,2,428,POR,P3,11
1,3,0,0,429,POR,P1,1
2,19,0,0,429,POR,P3,2
12,242,2,2,430,POR,P1,10
16,311,4,4,430,POR,P2,15
13,249,4,3,430,POR,P3,13
6,188,3,3,431,POR,P1,6
11,260,5,4,431,POR,P2,11
15,534,6,4,431,POR,P3,14
10,135,5,4,432,POR,P1,8
7,147,3,1,432,POR,P2,6
6,124,1,1,432,POR,P3,6
2,11,0,0,433,POR,P1,2
2,10,0,0,434,POR,P1,2
3,44,2,2,434,POR,P2,3
44,1005,11,11,435,POR,P1,29
37,903,9,7,435,POR,P2,30
43,852,11,8,435,POR,P3,34
7,106,2,2,436,POR,P1,7
14,207,2,1,436,POR,P2,14
6,89,1,1,436,POR,P3,6
5,40,1,1,437,POR,P1,5
6,79,2,2,437,POR,P2,6
5,82,1,0,437,POR,P3,5
3,26,1,1,438,POR,P1,3
2,30,0,0,438,POR,P2,2
1,14,0,0,438,POR,P3,1
16,303,4,4,439,POR,P1,14
14,203,9,8,439,POR,P2,12
10,404,3,3,439,POR,P3,7
17,234,3,2,440,POR,P1,14
6,96,2,2,440,POR,P2,6
8,153,2,1,440,POR,P3,8
9,168,2,1,441,POR,P1,8
18,888,2,1,441,POR,P2,16
14,174,6,3,441,POR,P3,12
61,1710,21,16,442,POR,P1,42
54,1260,22,17,442,POR,P2,40
53,1317,17,14,442,POR,P3,32
38,844,17,13,443,POR,P1,27
27,647,7,6,443,POR,P2,25
34,693,14,12,443,POR,P3,27
30,716,10,10,444,POR,P1,28
26,438,9,8,444,POR,P2,19
33,614,9,8,444,POR,P3,24
8,141,4,3,445,POR,P1,6
5,60,2,1,445,POR,P2,4
5,86,3,2,445,POR,P3,4
4,100,0,0,446,POR,P1,4
3,35,0,0,446,POR,P2,2
4,63,0,0,446,POR,P3,4
23,667,6,4,447,POR,P1,21
32,939,6,4,447,POR,P2,22
24,493,7,6,447,POR,P3,19
5,51,1,0,448,POR,P1,4
3,33,1,1,448,POR,P2,3
4,68,2,2,448,POR,P3,4
31,613,7,5,449,POR,P1,23
23,632,5,2,449,POR,P2,19
23,558,7,5,449,POR,P3,22
22,409,5,5,450,POR,P1,18
24,664,6,4,450,POR,P2,19
11,293,4,2,450,POR,P3,10
7,159,3,3,451,POR,P1,7
15,188,6,3,451,POR,P2,14
12,159,4,2,451,POR,P3,11
38,1209,6,6,452,POR,P1,30
36,906,9,7,452,POR,P2,26
33,1258,11,9,452,POR,P3,24
41,859,15,13,453,POR,P1,33
47,1095,14,10,453,POR,P2,30
37,924,14,11,453,POR,P3,22
81,2142,22,18,454,POR,P1,45
58,1697,16,13,454,POR,P2,37
41,1272,14,8,454,POR,P3,28
17,328,2,1,455,POR,P1,16
7,128,0,0,455,POR,P2,7
7,123,2,2,455,POR,P3,7
26,807,5,5,456,POR,P1,23
22,496,5,4,456,POR,P2,19
31,636,3,3,456,POR,P3,23
3,55,0,0,457,POR,P1,3
14,187,4,2,457,POR,P2,12
9,442,3,2,457,POR,P3,8
8,133,3,3,458,POR,P1,7
5,46,2,0,458,POR,P2,5
4,46,1,1,458,POR,P3,4
53,1358,11,7,459,POR,P1,37
41,913,11,5,459,POR,P2,29
25,502,11,9,459,POR,P3,20
18,455,5,2,460,POR,P1,17
18,381,6,5,460,POR,P2,15
17,279,5,5,460,POR,P3,17
27,672,7,5,461,POR,P1,21
24,455,6,5,461,POR,P2,19
14,238,4,4,461,POR,P3,12
5,85,0,0,462,POR,P1,5
5,46,2,2,462,POR,P2,5
3,37,1,1,462,POR,P3,2
3,48,0,0,463,POR,P1,3
2,18,1,1,463,POR,P2,2
1,20,0,0,464,POR,P2,1
1,6,0,0,464,POR,P3,1
2,7,1,1,465,POR,P1,2
1,7,0,0,465,POR,P2,1
2,24,0,0,465,POR,P3,2
13,189,4,2,466,POR,P1,13
10,199,2,2,466,POR,P2,9
5,89,2,1,466,POR,P3,5
13,220,6,4,467,POR,P1,12
5,69,1,0,467,POR,P2,5
9,121,3,3,467,POR,P3,9
26,573,9,7,468,POR,P1,22
35,851,6,3,468,POR,P2,28
26,682,5,5,468,POR,P3,23
2,26,1,1,469,POR,P1,2
3,67,0,0,469,POR,P2,3
4,53,1,1,469,POR,P3,4
8,104,1,1,470,POR,P1,7
4,46,0,0,470,POR,P2,4
4,33,4,4,470,POR,P3,4
19,355,6,5,471,POR,P1,16
15,282,2,2,471,POR,P2,14
13,395,4,2,471,POR,P3,12
19,400,5,3,472,POR,P1,16
10,215,2,2,472,POR,P2,8
13,208,9,4,472,POR,P3,11
5,42,2,0,473,POR,P1,5
3,42,2,1,473,POR,P2,3
4,54,3,3,473,POR,P3,4
6,116,0,0,474,POR,P1,5
8,92,0,0,474,POR,P2,8
8,215,2,1,474,POR,P3,7
33,656,3,2,475,POR,P1,28
34,580,18,14,475,POR,P2,25
34,766,11,7,475,POR,P3,28
19,338,3,2,476,POR,P1,17
16,332,8,6,476,POR,P2,13
13,184,7,6,476,POR,P3,12
28,523,11,6,477,POR,P1,24
18,335,5,4,477,POR,P2,17
18,289,4,4,477,POR,P3,13
9,143,5,4,478,POR,P1,8
5,61,3,3,478,POR,P2,5
3,89,1,1,478,POR,P3,3
2,53,1,0,479,POR,P1,2
5,97,2,0,479,POR,P2,4
4,33,2,2,479,POR,P3,4
35,721,11,8,480,POR,P1,28
29,541,10,8,480,POR,P2,24
29,533,12,9,480,POR,P3,21
4,67,1,1,481,POR,P1,4
2,22,1,1,481,POR,P2,2
19,382,5,3,482,POR,P1,14
15,258,9,6,482,POR,P2,13
13,323,2,2,482,POR,P3,12
3,49,1,0,483,POR,P1,3
4,55,1,0,483,POR,P2,4
3,28,1,1,483,POR,P3,3
10,240,1,1,484,POR,P1,10
24,483,6,6,484,POR,P2,20
20,451,3,3,484,POR,P3,17
7,143,3,1,485,POR,P1,7
2,50,2,2,485,POR,P2,2
4,77,0,0,485,POR,P3,4
9,205,3,2,486,POR,P1,8
11,240,3,3,486,POR,P2,8
13,187,4,3,486,POR,P3,11
3,59,0,0,487,POR,P1,3
8,150,3,2,487,POR,P2,8
6,93,3,3,487,POR,P3,6
6,127,3,2,488,POR,P1,6
7,101,1,0,488,POR,P2,6
3,74,0,0,488,POR,P3,3
1,11,0,0,489,POR,P1,1
1,24,1,1,489,POR,P2,1
5,71,1,0,489,POR,P3,5
8,103,5,5,490,POR,P1,8
4,74,0,0,490,POR,P2,4
8,137,4,4,490,POR,P3,7
9,149,1,1,491,POR,P1,9
3,48,0,0,491,POR,P2,3
6,110,4,3,491,POR,P3,5
16,452,6,5,492,POR,P1,15
13,170,5,4,492,POR,P2,13
9,127,1,1,492,POR,P3,9
1,6,0,0,493,POR,P2,1
4,44,2,1,493,POR,P3,4
12,299,3,2,494,POR,P1,11
13,323,5,4,494,POR,P2,12
13,191,5,5,494,POR,P3,10
3,28,0,0,495,POR,P1,2
5,56,1,1,495,POR,P2,5
3,60,0,0,495,POR,P3,3
3,53,0,0,496,POR,P1,3
9,123,5,3,496,POR,P2,7
10,177,3,1,496,POR,P3,8
2,25,0,0,497,POR,P2,2
4,60,0,0,497,POR,P3,4
19,362,7,6,498,POR,P1,17
16,291,7,5,498,POR,P2,15
20,325,7,7,498,POR,P3,17
7,113,3,3,499,POR,P1,6
6,135,1,0,499,POR,P2,5
3,55,1,1,499,POR,P3,3
3,49,1,1,500,POR,P1,3
3,46,0,0,500,POR,P2,3
13,200,7,6,501,POR,P1,11
12,214,4,2,501,POR,P2,11
9,168,2,1,501,POR,P3,9
3,53,1,1,502,POR,P1,3
8,164,4,2,502,POR,P2,7
6,138,1,0,502,POR,P3,6
10,379,3,2,503,POR,P1,8
6,72,2,0,503,POR,P2,6
6,121,3,3,503,POR,P3,6
36,887,9,5,504,POR,P1,27
31,858,6,4,504,POR,P2,27
32,630,15,13,504,POR,P3,26
7,114,2,2,505,POR,P1,7
5,97,2,1,505,POR,P2,4
2,49,1,1,505,POR,P3,2
13,211,6,5,506,POR,P1,12
10,198,2,2,506,POR,P2,9
7,130,2,2,506,POR,P3,7
56,1292,23,17,507,POR,P1,36
33,965,13,8,507,POR,P2,23
33,965,10,7,507,POR,P3,24
22,488,4,3,508,POR,P1,19
28,768,8,7,508,POR,P2,23
19,367,3,3,508,POR,P3,17
4,40,2,1,509,POR,P1,4
1,3,0,0,509,POR,P2,1
2,23,2,2,509,POR,P3,2
7,121,4,3,510,POR,P1,7
3,28,1,1,510,POR,P2,3
4,46,0,0,510,POR,P3,4
5,68,1,0,511,POR,P1,5
3,28,2,2,511,POR,P2,3
3,79,1,1,511,POR,P3,3
13,198,3,2,512,POR,P1,12
11,195,3,2,512,POR,P2,10
7,100,4,3,512,POR,P3,7
29,815,6,5,513,POR,P1,23
24,513,5,4,513,POR,P2,22
17,293,5,3,513,POR,P3,15
7,114,4,3,514,POR,P1,6
10,93,3,2,514,POR,P2,9
15,270,4,2,514,POR,P3,14
8,116,3,3,515,POR,P1,7
9,141,4,3,515,POR,P2,8
5,71,4,3,515,POR,P3,5
5,53,2,1,516,POR,P1,5
5,46,2,0,516,POR,P2,5
9,143,2,1,516,POR,P3,9
4,48,1,0,517,POR,P1,4
3,29,0,0,517,POR,P2,3
7,91,1,0,517,POR,P3,5
7,145,2,2,518,POR,P1,7
9,138,1,1,518,POR,P2,7
10,136,3,2,518,POR,P3,8
11,287,4,4,519,POR,P1,10
10,171,4,2,519,POR,P2,10
13,272,3,2,519,POR,P3,12
29,548,5,5,520,POR,P1,22
30,673,13,10,520,POR,P2,24
24,427,7,6,520,POR,P3,20
10,269,3,3,521,POR,P1,9
15,371,3,3,521,POR,P2,13
9,141,3,3,521,POR,P3,8
16,302,6,4,522,POR,P1,14
17,281,7,3,522,POR,P2,15
16,254,4,3,522,POR,P3,15
27,835,7,5,523,POR,P1,24
15,482,3,2,523,POR,P2,13
13,532,1,1,523,POR,P3,11
6,112,0,0,524,POR,P1,6
6,108,1,1,524,POR,P2,6
4,38,0,0,524,POR,P3,4
27,639,7,6,525,POR,P1,22
21,385,7,6,525,POR,P2,17
21,480,8,7,525,POR,P3,18
24,547,7,4,526,POR,P1,22
18,316,9,8,526,POR,P2,16
17,476,8,8,526,POR,P3,16
28,585,9,7,527,POR,P1,25
28,721,11,6,527,POR,P2,22
29,608,9,7,527,POR,P3,24
24,518,7,6,528,POR,P1,21
16,321,5,4,528,POR,P2,16
22,450,3,2,528,POR,P3,19
10,170,1,1,529,POR,P1,10
7,95,2,0,529,POR,P2,5
9,138,2,1,529,POR,P3,8
47,1738,14,11,530,POR,P1,34
38,1022,12,9,530,POR,P2,25
35,850,10,6,530,POR,P3,23
3,55,2,1,531,POR,P1,3
5,77,0,0,531,POR,P2,4
2,25,1,1,531,POR,P3,2
10,193,2,1,532,POR,P1,9
15,304,5,5,532,POR,P2,13
8,93,0,0,532,POR,P3,7
5,295,1,1,533,POR,P1,5
6,51,0,0,533,POR,P2,6
4,35,2,2,533,POR,P3,4
18,229,6,4,534,POR,P1,11
11,146,4,4,534,POR,P2,9
8,186,1,1,534,POR,P3,7
9,189,2,2,535,POR,P1,9
16,288,3,2,535,POR,P2,15
12,236,5,4,535,POR,P3,9
22,425,7,5,536,POR,P1,22
10,143,2,0,536,POR,P2,10
9,160,2,2,536,POR,P3,7
24,625,8,6,537,POR,P1,21
20,501,5,3,537,POR,P2,17
17,302,6,4,537,POR,P3,12
18,735,4,4,538,POR,P1,17
30,511,8,7,538,POR,P2,24
12,260,0,0,538,POR,P3,11
3,38,2,2,539,POR,P1,3
3,69,0,0,539,POR,P2,3
3,34,2,2,539,POR,P3,3
20,363,5,5,540,POR,P1,18
21,585,8,5,540,POR,P2,19
19,393,3,3,540,POR,P3,12
2,24,0,0,541,POR,P1,2
4,52,1,1,541,POR,P2,4
1,4,0,0,541,POR,P3,1
2,27,1,1,542,POR,P1,2
3,15,0,0,542,POR,P2,3
15,331,4,3,543,POR,P1,13
14,270,4,2,543,POR,P2,13
16,440,5,2,543,POR,P3,12
5,72,0,0,544,POR,P1,5
8,97,2,1,544,POR,P2,7
4,33,2,1,544,POR,P3,4
11,156,4,2,545,POR,P1,11
9,82,3,3,545,POR,P2,9
4,92,2,2,545,POR,P3,3
7,104,2,1,546,POR,P1,7
4,85,2,2,546,POR,P2,4
3,48,1,1,546,POR,P3,3
9,242,3,3,547,POR,P1,9
11,160,2,1,547,POR,P2,10
12,263,4,2,547,POR,P3,11
5,71,1,0,548,POR,P1,5
3,27,0,0,548,POR,P2,3
3,52,1,0,548,POR,P3,3
21,342,6,4,549,POR,P1,18
18,336,3,1,549,POR,P2,16
23,725,10,6,549,POR,P3,19
9,165,2,2,550,POR,P1,8
13,214,3,3,550,POR,P2,11
10,174,2,2,550,POR,P3,9
9,99,2,2,551,POR,P1,8
16,338,6,4,551,POR,P2,14
12,219,4,3,551,POR,P3,12
16,259,6,5,552,POR,P1,15
14,464,6,3,552,POR,P2,13
10,201,3,2,552,POR,P3,10
7,123,2,1,553,POR,P1,7
7,134,3,3,553,POR,P2,6
5,53,1,1,553,POR,P3,5
33,775,15,12,554,POR,P1,28
34,694,5,2,554,POR,P2,23
20,568,5,4,554,POR,P3,17
6,72,1,1,555,POR,P1,6
6,85,2,1,555,POR,P2,6
7,77,4,2,555,POR,P3,6
20,354,5,2,556,POR,P1,18
12,247,2,1,556,POR,P2,11
10,241,2,1,556,POR,P3,9
3,51,0,0,557,POR,P1,3
3,58,1,1,557,POR,P2,3
11,425,4,4,557,POR,P3,8
3,34,1,0,558,POR,P1,3
1,20,0,0,558,POR,P2,1
1,10,0,0,558,POR,P3,1
2,23,0,0,559,POR,P1,2
3,42,1,0,559,POR,P2,3
3,40,2,1,559,POR,P3,3
3,42,2,2,560,POR,P1,3
1,23,0,0,560,POR,P2,1
2,41,1,1,560,POR,P3,2
12,178,4,4,561,POR,P1,11
12,165,4,3,561,POR,P2,11
6,76,1,1,561,POR,P3,6
11,177,2,1,562,POR,P1,10
4,79,1,0,562,POR,P2,4
4,73,2,1,562,POR,P3,4
7,209,3,1,563,POR,P1,7
6,110,1,1,563,POR,P2,6
10,182,2,2,563,POR,P3,10
5,73,1,1,564,POR,P1,5
8,89,2,1,564,POR,P2,8
2,29,0,0,564,POR,P3,2
11,193,3,3,565,POR,P1,10
5,84,1,1,565,POR,P2,5
6,96,3,2,565,POR,P3,5
15,258,3,1,566,POR,P1,15
15,384,6,6,566,POR,P2,12
17,288,7,6,566,POR,P3,15
3,37,0,0,567,POR,P1,3
5,71,1,1,567,POR,P2,5
7,85,3,3,567,POR,P3,7
6,91,2,0,568,POR,P1,6
2,40,1,1,568,POR,P2,2
1,10,1,1,568,POR,P3,1
3,29,1,1,569,POR,P1,3
4,42,1,0,569,POR,P2,4
4,73,2,2,569,POR,P3,4
4,39,0,0,570,POR,P1,4
2,46,0,0,570,POR,P2,2
3,29,0,0,570,POR,P3,3
5,41,2,2,571,POR,P1,5
1,15,1,1,571,POR,P2,1
4,47,2,2,571,POR,P3,4
4,55,0,0,572,POR,P1,4
3,43,1,1,572,POR,P2,3
2,35,0,0,572,POR,P3,1
14,235,5,4,573,POR,P1,14
6,125,1,0,573,POR,P2,6
9,146,3,3,573,POR,P3,7
4,51,2,2,574,POR,P2,4
1,5,0,0,574,POR,P3,1
12,144,3,3,575,POR,P1,10
9,143,2,2,575,POR,P2,9
9,224,0,0,575,POR,P3,8
12,212,6,6,576,POR,P1,11
10,118,2,1,576,POR,P2,10
4,85,2,2,576,POR,P3,4
17,314,6,3,577,MAT,P1,17
9,122,0,0,577,MAT,P2,9
12,201,3,3,577,MAT,P3,9
22,492,5,3,577,POR,P1,21
17,384,1,1,577,POR,P2,15
27,676,7,5,577,POR,P3,20
5,109,1,1,578,MAT,P1,5
3,110,1,0,578,MAT,P2,3
7,222,2,2,578,MAT,P3,6
21,477,6,5,578,POR,P1,17
16,442,7,6,578,POR,P2,13
14,282,3,2,578,POR,P3,12
6,83,0,0,579,MAT,P1,6
3,53,0,0,579,MAT,P2,3
7,144,3,1,579,MAT,P3,6
1,11,0,0,579,POR,P1,1
2,12,1,1,579,POR,P2,2
3,47,0,0,579,POR,P3,3
7,146,2,2,580,MAT,P1,7
11,294,5,5,580,MAT,P2,10
16,276,6,6,580,MAT,P3,15
5,53,0,0,580,POR,P1,4
9,100,2,2,580,POR,P2,9
11,174,4,3,580,POR,P3,9
1,11,1,0,581,MAT,P2,1
1,5,0,0,581,POR,P1,1
3,43,1,1,582,POR,P2,3
2,21,0,0,583,POR,P1,2
1,14,0,0,583,POR,P2,1
1,8,0,0,583,POR,P3,1
1,5,0,0,584,POR,P1,1
2,21,0,0,584,POR,P3,2
15,241,2,1,585,POR,P1,14
21,366,5,5,585,POR,P2,17
17,274,6,1,585,POR,P3,12
39,1145,14,13,586,POR,P1,30
27,538,11,11,586,POR,P2,23
23,469,8,4,586,POR,P3,19
5,303,2,2,587,POR,P1,5
8,120,4,3,587,POR,P2,7
9,178,1,1,587,POR,P3,9
10,141,2,2,588,POR,P1,9
7,100,0,0,588,POR,P2,7
3,69,0,0,588,POR,P3,3
16,310,4,2,589,POR,P1,15
15,264,1,1,589,POR,P2,14
16,313,6,4,589,POR,P3,12
16,352,5,5,590,POR,P1,13
19,377,5,4,590,POR,P2,17
15,525,8,8,590,POR,P3,11
2,14,0,0,591,POR,P1,1
3,58,2,1,591,POR,P2,3
2,34,0,0,591,POR,P3,2
26,443,6,5,592,POR,P1,22
24,607,10,6,592,POR,P2,20
28,722,7,5,592,POR,P3,20
59,1369,21,15,593,POR,P1,43
45,1014,12,8,593,POR,P2,31
43,1132,8,4,593,POR,P3,28
2,27,0,0,594,POR,P1,2
5,91,0,0,594,POR,P2,5
4,49,2,2,594,POR,P3,4
5,75,2,2,595,POR,P1,5
7,153,4,3,595,POR,P2,6
11,139,3,3,595,POR,P3,10
18,390,7,4,596,POR,P1,15
17,308,5,5,596,POR,P2,16
14,264,4,4,596,POR,P3,14
11,467,5,3,597,POR,P1,11
9,235,4,4,597,POR,P2,8
19,319,4,1,597,POR,P3,16
15,265,5,4,598,POR,P1,12
8,137,5,4,598,POR,P2,8
9,139,3,3,598,POR,P3,9
9,148,4,1,599,POR,P1,7
12,225,6,4,599,POR,P2,10
11,165,4,2,599,POR,P3,11
6,82,0,0,600,POR,P1,6
2,27,0,0,600,POR,P2,2
3,52,0,0,600,POR,P3,3
7,101,2,1,601,POR,P1,7
9,145,4,3,601,POR,P2,9
10,372,6,3,601,POR,P3,9
14,245,3,3,602,POR,P1,12
5,80,2,2,602,POR,P2,4
8,90,2,2,602,POR,P3,8
33,688,13,13,603,POR,P1,25
39,991,16,13,603,POR,P2,29
31,590,9,8,603,POR,P3,23
14,184,2,2,604,POR,P1,14
9,393,4,4,604,POR,P2,9
8,141,4,4,604,POR,P3,8
3,30,3,3,605,POR,P1,3
1,13,0,0,605,POR,P2,1
1,5,0,0,605,POR,P3,1
6,99,1,1,606,POR,P1,6
9,218,3,1,606,POR,P2,8
3,59,0,0,606,POR,P3,3
155,4680,37,30,607,POR,P1,61
143,4558,48,37,607,POR,P2,53
155,5633,59,51,607,POR,P3,47
12,187,3,2,608,POR,P1,11
11,248,5,5,608,POR,P2,9
5,101,0,0,608,POR,P3,5
3,35,1,1,609,POR,P1,3
2,10,1,1,609,POR,P2,2
6,73,1,0,609,POR,P3,6
9,150,4,4,610,POR,P1,9
4,91,1,0,610,POR,P2,3
3,31,0,0,610,POR,P3,3
3,20,2,2,611,POR,P1,3
3,33,0,0,611,POR,P2,3
3,34,0,0,611,POR,P3,2
25,534,5,4,612,POR,P1,20
19,335,6,4,612,POR,P2,17
20,428,4,3,612,POR,P3,18
10,140,4,4,613,MAT,P1,9
14,234,2,2,613,MAT,P2,12
6,89,1,1,613,MAT,P3,6
13,199,3,2,613,POR,P1,13
5,79,2,2,613,POR,P2,4
16,533,4,2,613,POR,P3,11
15,280,7,5,614,MAT,P1,14
12,190,3,2,614,MAT,P2,11
12,253,4,3,614,MAT,P3,11
21,419,5,4,614,POR,P1,16
22,445,3,2,614,POR,P2,19
14,303,2,1,614,POR,P3,11
2,22,1,1,615,MAT,P1,2
4,282,3,3,615,MAT,P2,4
32,810,12,10,615,POR,P1,25
18,466,6,4,615,POR,P2,14
17,277,3,2,615,POR,P3,13
11,168,6,6,616,MAT,P1,11
5,73,2,2,616,MAT,P2,5
3,26,0,0,616,MAT,P3,3
8,148,0,0,616,POR,P1,8
7,128,1,1,616,POR,P2,7
9,169,0,0,616,POR,P3,7
8,192,3,2,617,MAT,P1,6
11,231,5,4,617,MAT,P2,8
7,135,3,2,617,MAT,P3,7
10,171,6,4,617,POR,P1,10
13,303,3,2,617,POR,P2,12
7,107,3,2,617,POR,P3,7
13,299,4,2,618,MAT,P1,12
29,631,10,7,618,MAT,P2,25
22,528,3,2,618,MAT,P3,20
20,345,5,5,618,POR,P1,18
25,556,10,9,618,POR,P2,19
18,300,4,3,618,POR,P3,15
12,187,6,5,619,POR,P1,12
6,99,1,1,619,POR,P2,6
9,158,4,4,619,POR,P3,7
49,1176,12,7,620,MAT,P1,34
52,1499,10,8,620,MAT,P2,40
37,867,5,4,620,MAT,P3,25
14,290,0,0,620,POR,P1,13
16,362,8,6,620,POR,P2,13
7,322,1,1,620,POR,P3,7
22,371,6,4,621,MAT,P1,20
13,199,2,1,621,MAT,P2,12
12,324,5,5,621,MAT,P3,12
22,451,4,3,621,POR,P1,18
19,399,7,5,621,POR,P2,15
8,112,4,3,621,POR,P3,8
10,248,3,2,622,MAT,P1,9
14,259,5,4,622,MAT,P2,13
6,108,1,0,622,MAT,P3,6
9,93,2,0,622,POR,P1,9
6,122,1,1,622,POR,P2,6
4,51,2,1,622,POR,P3,3
19,366,3,2,623,MAT,P1,16
14,229,7,4,623,MAT,P2,14
10,207,1,1,623,MAT,P3,10
1,11,0,0,623,POR,P1,1
1,22,1,1,623,POR,P2,1
3,36,1,0,623,POR,P3,3
29,606,11,5,624,MAT,P1,21
16,257,5,4,624,MAT,P2,12
15,285,1,1,624,MAT,P3,13
5,139,3,1,624,POR,P1,5
6,77,0,0,624,POR,P2,6
11,183,4,3,624,POR,P3,9
10,160,3,1,625,MAT,P1,9
5,72,3,3,625,MAT,P2,4
11,236,4,3,625,MAT,P3,11
9,188,2,2,625,POR,P1,8
10,136,3,1,625,POR,P2,10
10,204,3,2,625,POR,P3,10
22,354,6,5,626,MAT,P1,19
19,290,4,3,626,MAT,P2,18
14,254,6,5,626,MAT,P3,13
12,193,3,2,626,POR,P1,11
10,159,3,3,626,POR,P2,10
6,123,2,2,626,POR,P3,6
16,506,7,6,627,MAT,P1,14
6,61,3,2,627,MAT,P2,6
8,169,2,2,627,MAT,P3,8
10,134,6,6,627,POR,P1,10
10,202,4,3,627,POR,P2,10
8,140,2,2,627,POR,P3,8
33,764,9,6,628,MAT,P1,29
30,806,11,6,628,MAT,P2,23
25,574,6,5,628,MAT,P3,18
27,579,12,8,628,POR,P1,21
21,435,6,4,628,POR,P2,19
19,301,7,4,628,POR,P3,16
13,305,3,3,629,MAT,P1,12
6,72,2,0,629,MAT,P2,6
13,430,6,5,629,MAT,P3,13
10,175,4,4,629,POR,P1,10
5,100,0,0,629,POR,P2,5
3,54,1,1,629,POR,P3,3
1,5,1,0,630,MAT,P1,1
1,12,0,0,630,MAT,P2,1
3,15,1,1,630,MAT,P3,3
3,53,1,1,630,POR,P1,2
3,55,1,0,630,POR,P2,3
5,72,0,0,630,POR,P3,5
18,465,4,2,631,MAT,P1,17
20,582,2,1,631,MAT,P2,19
16,326,3,2,631,MAT,P3,14
76,2083,19,16,631,POR,P1,47
68,1736,21,16,631,POR,P2,36
51,1481,16,15,631,POR,P3,29
81,2311,13,10,632,MAT,P1,47
88,2348,29,21,632,MAT,P2,43
55,1358,12,8,632,MAT,P3,32
275,8957,80,59,632,POR,P1,65
217,7200,67,48,632,POR,P2,58
190,6729,65,49,632,POR,P3,50
6,95,2,2,633,POR,P1,6
3,39,2,2,633,POR,P2,3
2,24,0,0,633,POR,P3,2
3,35,1,1,634,MAT,P1,3
4,62,2,2,634,MAT,P2,4
4,36,2,2,634,MAT,P3,4
10,225,7,6,634,POR,P1,10
12,202,4,3,634,POR,P2,12
11,201,5,3,634,POR,P3,11
24,523,6,5,635,MAT,P1,21
18,363,7,5,635,MAT,P2,16
21,375,7,6,635,MAT,P3,16
10,138,2,1,635,POR,P1,8
7,110,2,2,635,POR,P2,7
9,179,2,1,635,POR,P3,9
12,221,5,4,636,MAT,P1,11
16,284,7,4,636,MAT,P2,12
13,257,7,5,636,MAT,P3,12
10,128,3,2,636,POR,P1,10
17,307,4,4,636,POR,P2,15
8,431,0,0,636,POR,P3,8
19,587,6,5,637,MAT,P1,15
16,330,6,6,637,MAT,P2,14
17,335,5,5,637,MAT,P3,14
7,166,1,0,637,POR,P1,7
7,97,0,0,637,POR,P2,7
6,177,2,2,637,POR,P3,4
7,132,3,3,638,MAT,P1,7
5,91,2,1,638,MAT,P2,5
3,42,1,1,638,MAT,P3,3
1,19,1,1,638,POR,P2,1
1,20,0,0,638,POR,P3,1
25,465,10,10,639,MAT,P1,20
29,577,8,5,639,MAT,P2,23
11,203,5,3,639,MAT,P3,10
23,412,9,7,639,POR,P1,20
27,640,6,3,639,POR,P2,23
32,607,10,7,639,POR,P3,25
6,89,3,2,640,MAT,P1,6
4,62,1,1,640,MAT,P2,4
3,81,0,0,640,MAT,P3,3
9,147,4,4,640,POR,P1,8
4,52,0,0,640,POR,P2,4
2,26,1,1,640,POR,P3,2
1,16,0,0,641,MAT,P1,1
9,96,4,3,641,MAT,P2,8
3,43,1,1,641,MAT,P3,3
4,68,0,0,641,POR,P1,4
5,61,2,2,641,POR,P2,5
2,20,1,1,641,POR,P3,2
9,157,1,0,642,MAT,P1,8
13,244,4,1,642,MAT,P2,12
11,246,5,3,642,MAT,P3,10
17,309,6,4,642,POR,P1,13
19,364,7,4,642,POR,P2,16
10,203,4,4,642,POR,P3,10
26,798,11,9,643,POR,P1,23
14,207,5,4,643,POR,P2,13
21,435,6,4,643,POR,P3,19
7,136,0,0,644,MAT,P1,7
10,173,3,3,644,MAT,P2,9
8,132,4,4,644,MAT,P3,7
10,112,1,1,644,POR,P1,9
9,169,3,2,644,POR,P2,9
7,95,4,3,644,POR,P3,7
20,385,8,6,645,MAT,P1,17
18,425,4,3,645,MAT,P2,14
21,460,7,5,645,MAT,P3,15
11,164,3,1,645,POR,P1,11
5,63,0,0,645,POR,P2,4
2,38,1,1,645,POR,P3,2
16,291,6,4,646,MAT,P1,15
15,287,5,3,646,MAT,P2,13
17,281,4,4,646,MAT,P3,16
16,323,6,4,646,POR,P1,14
10,123,5,4,646,POR,P2,8
12,214,2,2,646,POR,P3,11
9,114,3,2,647,MAT,P1,9
17,247,5,4,647,MAT,P2,15
10,88,2,1,647,MAT,P3,9
11,226,3,2,647,POR,P1,10
10,184,2,0,647,POR,P2,10
7,177,1,1,647,POR,P3,6
10,225,3,1,648,MAT,P1,9
6,79,1,1,648,MAT,P2,6
5,58,1,1,648,MAT,P3,3
1,18,0,0,648,POR,P1,1
6,98,1,1,648,POR,P2,6
4,72,1,1,648,POR,P3,4
7,88,2,1,649,MAT,P1,7
6,84,0,0,649,MAT,P2,6
3,54,1,1,649,MAT,P3,3
9,105,3,1,649,POR,P1,9
3,42,0,0,649,POR,P2,3
4,37,1,1,650,MAT,P1,4
3,38,1,1,650,MAT,P2,3
2,21,0,0,650,MAT,P3,2
4,68,2,1,651,MAT,P1,4
8,124,2,0,651,MAT,P2,7
7,89,2,1,651,MAT,P3,7
4,55,1,1,652,MAT,P1,4
4,60,2,2,652,MAT,P2,4
6,78,2,1,652,MAT,P3,6
20,432,7,4,653,MAT,P1,18
11,228,4,3,653,MAT,P2,10
13,367,4,3,653,MAT,P3,11
7,346,1,1,654,MAT,P1,7
3,102,0,0,654,MAT,P2,3
8,126,3,2,654,MAT,P3,5
6,84,1,0,655,MAT,P1,6
3,35,1,1,655,MAT,P2,3
7,109,2,1,655,MAT,P3,6
8,138,2,1,656,MAT,P1,8
13,245,7,6,656,MAT,P2,11
12,250,3,3,656,MAT,P3,10
4,50,0,0,657,MAT,P1,4
3,64,0,0,657,MAT,P2,2
6,78,2,0,657,MAT,P3,5
9,139,7,5,658,MAT,P1,9
7,111,3,3,658,MAT,P2,6
8,106,1,1,658,MAT,P3,7
15,285,4,2,659,MAT,P1,12
25,453,10,8,659,MAT,P2,21
16,373,3,3,659,MAT,P3,11
1,8,0,0,660,MAT,P2,1
7,132,2,2,661,MAT,P1,7
2,28,1,1,661,MAT,P2,2
3,39,1,0,661,MAT,P3,3
18,288,5,3,662,MAT,P1,16
20,469,6,5,662,MAT,P2,18
27,542,9,9,662,MAT,P3,22
5,63,1,1,663,MAT,P1,5
6,76,3,3,663,MAT,P2,5
3,35,0,0,663,MAT,P3,3
12,203,4,2,664,MAT,P1,11
8,135,2,2,664,MAT,P2,8
8,114,3,2,664,MAT,P3,7
21,375,6,5,665,MAT,P1,17
25,482,11,7,665,MAT,P2,20
24,519,7,5,665,MAT,P3,17
3,36,2,1,666,MAT,P1,3
2,23,0,0,666,MAT,P2,2
3,45,0,0,666,MAT,P3,3
6,119,1,1,667,MAT,P1,6
2,27,0,0,667,MAT,P2,2
7,83,2,0,667,MAT,P3,6
3,33,3,1,668,MAT,P1,3
4,39,2,1,668,MAT,P2,4
3,16,2,2,668,MAT,P3,3
4,38,0,0,669,MAT,P1,4
6,70,2,0,669,MAT,P2,6
4,45,0,0,669,MAT,P3,3
2,15,2,1,670,MAT,P2,2
1,9,1,0,670,MAT,P3,1
9,102,4,2,671,MAT,P1,9
4,97,2,2,671,MAT,P2,4
8,231,3,2,671,MAT,P3,8
2,17,0,0,672,MAT,P1,2
6,120,3,3,672,MAT,P2,6
5,116,2,2,672,MAT,P3,5
2,18,0,0,673,MAT,P2,2
7,71,0,0,674,MAT,P1,6
6,94,2,2,674,MAT,P2,6
5,60,2,0,674,MAT,P3,5
