asignatura,escuela,periodo,n,media,de,ic_lo,ic_hi
MAT,GP,P1,349.0,10.939828080229226,3.319108898244322,10.590390249810504,11.289265910647948
MAT,GP,P2,336.0,11.199404761904763,3.22195818874285,10.85364837507559,11.545161148733936
MAT,GP,P3,315.0,11.622222222222222,3.2418660803531183,11.262832988261314,11.98161145618313
MAT,MS,P1,46.0,10.673913043478262,3.347000964884414,9.679976446065046,11.667849640891477
MAT,MS,P2,46.0,10.195652173913043,3.3771754484571623,9.192754860968025,11.198549486858061
MAT,MS,P3,42.0,10.785714285714286,3.0566657610724945,9.833190180105829,11.738238391322744
POR,GP,P1,422.0,12.014218009478673,2.3494653416871043,11.789410285290396,12.239025733666951
POR,GP,P2,423.0,12.14420803782506,2.4515220679220286,11.90991409116732,12.3785019844828
POR,GP,P3,422.0,12.606635071090047,2.5561167018255286,12.362053987768165,12.851216154411928
POR,MS,P1,226.0,10.300884955752212,2.979589698083986,9.910320555945622,10.6914493555588
POR,MS,P2,219.0,10.831050228310502,2.8484253322866535,10.451692788428641,11.210407668192364
POR,MS,P3,212.0,11.35377358490566,2.7661348991411825,10.979273706977194,11.728273462834126
