asignatura,variable,etiqueta,simulada,n_sobre,n_bajo,prueba,estadistico,p,resumen_sobre,resumen_bajo,efecto,valor_efecto,ic_lo,ic_hi,dif,magnitud,p_holm
MAT,tiempo_estudio,Tiempo de estudio (1–4),False,162,195,Mann-Whitney U,16740.5,0.28978448941879176,2 [1–3],2 [2–2],δ de Cliff,0.05986071541627097,-0.055311807534029755,0.16869104146881908,0.05986071541627097,despreciable,0.9976481203483161
MAT,faltas,Faltas anuales,False,162,195,Mann-Whitney U,12226.5,0.0002044052153150686,2 [0–6],4 [2–10],δ de Cliff,-0.22592592592592592,-0.3442006964229187,-0.11100902184235521,-0.22592592592592592,pequeño,0.0012264312918904116
MAT,reprobaciones_previas,Reprobaciones previas,False,162,195,Mann-Whitney U,13249.0,7.721085042047817e-05,0 [0–0],0 [0–0],δ de Cliff,-0.16119025007913898,-0.23390550807217475,-0.08724121557454892,-0.16119025007913898,pequeño,0.0005404759529433472
MAT,apoyo_escolar,Refuerzo escolar (sí),False,162,195,Chi-cuadrado,17.583077424204458,2.7502487815502082e-05,5.6 %,21.0 %,V de Cramér,0.22192863203034083,-0.22041785375118708,-0.0879392212725546,-0.1547008547008547,,0.00022001990252401666
MAT,clases_pagadas,Clases pagadas (sí),False,162,195,Chi-cuadrado,0.9179663317888995,0.33800951429164094,45.7 %,50.8 %,V de Cramér,0.05070832537871867,-0.16089743589743588,0.04874643874643859,-0.05090218423551757,,0.9976481203483161
MAT,desea_superior,Aspira a educación superior (sí),False,162,195,Chi-cuadrado,1.6605616605616595,0.1975275066447772,97.5 %,94.9 %,V de Cramér,0.06820141657518407,-0.012440645773979075,0.0656220322886989,0.026590693257359965,,0.987637533223886
MAT,sim_lms_minutos_p1,Minutos LMS en P1 [SIM],True,162,195,Mann-Whitney U,16768.0,0.31645474384834604,276 [134–540],270 [114–463],δ de Cliff,0.06160177271288383,-0.05923630895853118,0.1812116176005064,0.06160177271288383,despreciable,0.9976481203483161
MAT,sim_lms_eventos_p1,Eventos LMS en P1 [SIM],True,162,195,Mann-Whitney U,16913.0,0.24941203008707902,14 [8–24],13 [7–23],δ de Cliff,0.07078189300411522,-0.05119420702754036,0.1933887306109528,0.07078189300411522,despreciable,0.9976481203483161
POR,tiempo_estudio,Tiempo de estudio (1–4),False,276,358,Mann-Whitney U,62021.0,2.63489011865098e-09,2 [2–3],2 [1–2],δ de Cliff,0.25538417941867053,0.1725090579710145,0.33399952433001373,0.25538417941867053,pequeño,1.580934071190588e-08
POR,faltas,Faltas anuales,False,276,358,Mann-Whitney U,38470.0,8.560123260188575e-07,2 [0–4],4 [0–6],δ de Cliff,-0.2213181118937738,-0.3028618634118695,-0.1379660553801312,-0.2213181118937738,pequeño,4.280061630094287e-06
POR,reprobaciones_previas,Reprobaciones previas,False,276,358,Mann-Whitney U,38400.0,2.7200808972050185e-15,0 [0–0],0 [0–0],δ de Cliff,-0.22273500121447656,-0.2701360213747875,-0.17708965873208649,-0.22273500121447656,pequeño,2.1760647177640148e-14
POR,apoyo_escolar,Refuerzo escolar (sí),False,276,358,Chi-cuadrado,5.705457817616641,0.01691224383298702,7.2 %,13.1 %,V de Cramér,0.09486382251806628,-0.1053983483118776,-0.013898166140393521,-0.05882114808517529,,0.03382448766597404
POR,clases_pagadas,Clases pagadas (sí),False,276,358,Chi-cuadrado,2.3499156215490276,0.12528978886881417,4.3 %,7.3 %,V de Cramér,0.06088096185704399,-0.0662957452837827,0.0052020079345801995,-0.029147437454457137,,0.12528978886881417
POR,desea_superior,Aspira a educación superior (sí),False,276,358,Chi-cuadrado,47.28442789808908,6.13980534252108e-12,99.3 %,82.7 %,V de Cramér,0.2730954348913583,0.12683183547890853,0.2067039106145251,0.1659379807303052,,4.2978637397647555e-11
POR,sim_lms_minutos_p1,Minutos LMS en P1 [SIM],True,276,358,Mann-Whitney U,58669.5,5.081039539157375e-05,278 [138–563],195 [81–411],δ de Cliff,0.1875455428710226,0.09519041980406445,0.2720346530645292,0.1875455428710226,pequeño,0.00015243118617472125
POR,sim_lms_eventos_p1,Eventos LMS en P1 [SIM],True,276,358,Mann-Whitney U,59570.5,8.644862473233962e-06,15 [8–25],11 [5–20],δ de Cliff,0.20578293255606833,0.11409020524653875,0.2908949680187838,0.20578293255606833,pequeño,3.457944989293585e-05
