variable,tipo,dominio,origen,fuente_campo,regla,descripcion
estudiante_id,int32,1–674,F1 real,academico.matricula.estudiante_id,R-12 identidad,Identificador seudonimizado del estudiante
asignatura,category,"MAT, POR",F1 real,academico.asignatura.codigo,R-06,Asignatura de la matrícula
escuela,category,"GP, MS",F1 real,academico.escuela.codigo (school),R-06,Centro educativo
sexo,category,"F, M",F1 real,estudiante.sexo (sex),R-06,Sexo declarado
edad,int8,15–22,F1 real,estudiante.edad (age),—,Edad en años
zona,category,"Urbana, Rural",F1 real,estudiante.zona (address),R-06,Tipo de domicilio
tamano_familia,category,"<=3, >3",F1 real,estudiante.tamano_familia (famsize),R-06,Tamaño del hogar
estado_padres,category,"Juntos, Separados",F1 real,estudiante.estado_padres (Pstatus),R-06,Convivencia de los padres
educ_madre,int8,0–4,F1 real,estudiante.educ_madre (Medu),—,Nivel educativo de la madre
educ_padre,int8,0–4,F1 real,estudiante.educ_padre (Fedu),—,Nivel educativo del padre
trabajo_madre,category,5 niveles,F1 real,estudiante.trabajo_madre (Mjob),R-06,Ocupación de la madre
trabajo_padre,category,5 niveles,F1 real,estudiante.trabajo_padre (Fjob),R-06,Ocupación del padre
motivo_eleccion,category,4 niveles,F1 real,estudiante.motivo_eleccion (reason),R-06,Motivo de elección del centro
tutor_legal,category,"madre, padre, otro",F1 real,estudiante.tutor_legal (guardian),R-06,Tutor legal
tiempo_viaje,int8,1–4,F1 real,estudiante.tiempo_viaje (traveltime),—,Tiempo de traslado (ordinal)
tiempo_estudio,int8,1–4,F1 real,estudiante.tiempo_estudio (studytime),—,"Estudio semanal: 1 <2 h, 2 2–5 h, 3 5–10 h, 4 >10 h"
apoyo_escolar,bool,V/F,F1 real,estudiante.apoyo_escolar (schoolsup),R-06,Refuerzo educativo del centro
apoyo_familiar,bool,V/F,F1 real,estudiante.apoyo_familiar (famsup),R-06,Apoyo educativo familiar
actividades,bool,V/F,F1 real,estudiante.actividades (activities),R-06,Actividades extracurriculares
guarderia,bool,V/F,F1 real,estudiante.guarderia (nursery),R-06,Asistió a educación infantil
desea_superior,bool,V/F,F1 real,estudiante.desea_superior (higher),R-06,Aspira a educación superior
internet,bool,V/F,F1 real,estudiante.internet (internet),R-06,Internet en el hogar
relacion_romantica,bool,V/F,F1 real,estudiante.relacion_romantica (romantic),R-06,Relación sentimental
relacion_familiar,int8,1–5,F1 real,estudiante.relacion_familiar (famrel),—,Calidad de relaciones familiares
tiempo_libre,int8,1–5,F1 real,estudiante.tiempo_libre (freetime),—,Tiempo libre
salidas,int8,1–5,F1 real,estudiante.salidas (goout),—,Salidas con amigos
alcohol_semana,int8,1–5,F1 real,estudiante.alcohol_semana (Dalc),—,Consumo de alcohol entre semana
alcohol_finde,int8,1–5,F1 real,estudiante.alcohol_finde (Walc),—,Consumo de alcohol en fin de semana
salud,int8,1–5,F1 real,estudiante.salud (health),—,Estado de salud
reprobaciones_previas,int8,0–3 (3 = 3+),F1 real,matricula.reprobaciones_previas (failures),R-07,Reprobaciones previas en la asignatura
reprobaciones_3mas,bool,V/F,Derivada,reprobaciones_previas = 3,R-07,Marca de valor truncado (3 o más)
clases_pagadas,bool,V/F,F1 real,matricula.clases_pagadas (paid),R-06,Clases particulares pagadas en la asignatura
faltas,int16,0–75,F1 real,matricula.faltas (absences),—,Faltas ANUALES (no disponibles al corte P1; ver L-02)
faltas_confiable,bool,V/F,Derivada,matricula.faltas_confiable,R-09,Falso si G3 no evaluado y 0 faltas
faltas_atipicas,bool,V/F,Derivada,faltas > Q3 + 3·RIC por asignatura,R-10,Faltas extremas (se conservan)
nota_p1,int8,0–20,F1 real,"calificacion.nota, periodo P1 (G1)",R-14,Nota del 1.er período
nota_p2,int8,0–20,F1 real,"calificacion.nota, periodo P2 (G2)",R-14,Nota del 2.º período
nota_p3,int8,0–20,F1 real,"calificacion.nota, periodo P3 (G3)",R-14,Nota final (solo para construir la variable objetivo)
no_evaluado_p1,bool,V/F,Derivada,"calificacion.no_evaluado, P1",R-08,Nota 0 en P1 = no evaluado
no_evaluado_p2,bool,V/F,Derivada,"calificacion.no_evaluado, P2",R-08,Nota 0 en P2 = no evaluado
no_evaluado_p3,bool,V/F,Derivada,"calificacion.no_evaluado, P3",R-08,Nota 0 en P3 = no evaluado / abandono
en_ambas_asignaturas,bool,V/F,Derivada,COUNT(matricula) = 2,R-12,El estudiante cursa MAT y POR
en_riesgo,int8,0/1,Derivada (objetivo),nota_p3 < 10,Def. operativa,"1 = reprueba la asignatura (G3 < 10, incluye no evaluados)"
rendimiento_sobre_promedio,boolean,V/F/NA,Derivada,nota_p3 > media de la asignatura,P2,Solo evaluados en P3; NA si no evaluado
sim_lms_eventos_p1,int32,>= 0,F2 SIMULADO,"seguimiento_riesgo.interacciones_lms (P1), AG-01","R-15…R-22, R-26",Eventos LMS en P1
sim_lms_minutos_p1,int32,>= 0,F2 SIMULADO,"interacciones_lms.duracion_min (P1), AG-01","R-21, R-22, R-26",Minutos LMS en P1
sim_lms_dias_activos_p1,int16,>= 0,F2 SIMULADO,"interacciones_lms.fecha (P1), AG-01",R-26,Días distintos con actividad en P1
sim_lms_tareas_revisadas_p1,int16,>= 0,F2 SIMULADO,"interacciones_lms.revisada (P1), AG-01",R-26,Tareas revisadas en P1
sim_lms_eventos_total,int32,>= 0,F2 SIMULADO,"interacciones_lms (P1–P3), AG-01",R-26,Eventos LMS del curso (descriptivo; no temprano)
sim_lms_minutos_total,int32,>= 0,F2 SIMULADO,"interacciones_lms (P1–P3), AG-01",R-26,Minutos LMS del curso (descriptivo; no temprano)
sim_n_tutorias,int16,>= 0,F3 SIMULADO,"seguimiento_riesgo.tutorias, AG-02","R-23, R-26",Tutorías recibidas (P2–P3; posteriores al corte)
sim_n_tutorias_completadas,int16,>= 0,F3 SIMULADO,"tutorias.resultado = completada, AG-02","R-23, R-26",Tutorías completadas
sim_n_alertas,int16,>= 0,F3 SIMULADO,"alertas_riesgo, AG-03","R-24, R-26",Alertas registradas (P2)
sim_nivel_alerta_max,int8,0–3,F3 SIMULADO,"alertas_riesgo.nivel, AG-03",R-26,"0 sin alerta, 1 bajo, 2 medio, 3 alto"
sim_alerta_cerrada,bool,V/F,F3 SIMULADO,"alertas_riesgo.estado, AG-03","R-24, R-26",Alguna alerta llegó a 'cerrada'
particion,category,"train, test",Derivada,"StratifiedGroupKFold(5, seed 42), 1.er pliegue",L-04,"Partición fijada antes del análisis, agrupada por estudiante"
archivo_origen,category,"student-mat.csv, student-por.csv",Linaje,matricula.archivo_origen,—,Archivo UCI de origen
fila_origen,int32,>= 2,Linaje,matricula.fila_origen,—,Línea del CSV de origen
