variable,origen,fuente_campo,regla
estudiante_id,F1 real,academico.matricula.estudiante_id,R-12 identidad
asignatura,F1 real,academico.asignatura.codigo,R-06
escuela,F1 real,academico.escuela.codigo (school),R-06
sexo,F1 real,estudiante.sexo (sex),R-06
edad,F1 real,estudiante.edad (age),—
zona,F1 real,estudiante.zona (address),R-06
tamano_familia,F1 real,estudiante.tamano_familia (famsize),R-06
estado_padres,F1 real,estudiante.estado_padres (Pstatus),R-06
educ_madre,F1 real,estudiante.educ_madre (Medu),—
educ_padre,F1 real,estudiante.educ_padre (Fedu),—
trabajo_madre,F1 real,estudiante.trabajo_madre (Mjob),R-06
trabajo_padre,F1 real,estudiante.trabajo_padre (Fjob),R-06
motivo_eleccion,F1 real,estudiante.motivo_eleccion (reason),R-06
tutor_legal,F1 real,estudiante.tutor_legal (guardian),R-06
tiempo_viaje,F1 real,estudiante.tiempo_viaje (traveltime),—
tiempo_estudio,F1 real,estudiante.tiempo_estudio (studytime),—
apoyo_escolar,F1 real,estudiante.apoyo_escolar (schoolsup),R-06
apoyo_familiar,F1 real,estudiante.apoyo_familiar (famsup),R-06
actividades,F1 real,estudiante.actividades (activities),R-06
guarderia,F1 real,estudiante.guarderia (nursery),R-06
desea_superior,F1 real,estudiante.desea_superior (higher),R-06
internet,F1 real,estudiante.internet (internet),R-06
relacion_romantica,F1 real,estudiante.relacion_romantica (romantic),R-06
relacion_familiar,F1 real,estudiante.relacion_familiar (famrel),—
tiempo_libre,F1 real,estudiante.tiempo_libre (freetime),—
salidas,F1 real,estudiante.salidas (goout),—
alcohol_semana,F1 real,estudiante.alcohol_semana (Dalc),—
alcohol_finde,F1 real,estudiante.alcohol_finde (Walc),—
salud,F1 real,estudiante.salud (health),—
reprobaciones_previas,F1 real,matricula.reprobaciones_previas (failures),R-07
reprobaciones_3mas,Derivada,reprobaciones_previas = 3,R-07
clases_pagadas,F1 real,matricula.clases_pagadas (paid),R-06
faltas,F1 real,matricula.faltas (absences),—
faltas_confiable,Derivada,matricula.faltas_confiable,R-09
faltas_atipicas,Derivada,faltas > Q3 + 3·RIC por asignatura,R-10
nota_p1,F1 real,"calificacion.nota, periodo P1 (G1)",R-14
nota_p2,F1 real,"calificacion.nota, periodo P2 (G2)",R-14
nota_p3,F1 real,"calificacion.nota, periodo P3 (G3)",R-14
no_evaluado_p1,Derivada,"calificacion.no_evaluado, P1",R-08
no_evaluado_p2,Derivada,"calificacion.no_evaluado, P2",R-08
no_evaluado_p3,Derivada,"calificacion.no_evaluado, P3",R-08
en_ambas_asignaturas,Derivada,COUNT(matricula) = 2,R-12
en_riesgo,Derivada (objetivo),nota_p3 < 10,Def. operativa
rendimiento_sobre_promedio,Derivada,nota_p3 > media de la asignatura,P2
sim_lms_eventos_p1,F2 SIMULADO,"seguimiento_riesgo.interacciones_lms (P1), AG-01","R-15…R-22, R-26"
sim_lms_minutos_p1,F2 SIMULADO,"interacciones_lms.duracion_min (P1), AG-01","R-21, R-22, R-26"
sim_lms_dias_activos_p1,F2 SIMULADO,"interacciones_lms.fecha (P1), AG-01",R-26
sim_lms_tareas_revisadas_p1,F2 SIMULADO,"interacciones_lms.revisada (P1), AG-01",R-26
sim_lms_eventos_total,F2 SIMULADO,"interacciones_lms (P1–P3), AG-01",R-26
sim_lms_minutos_total,F2 SIMULADO,"interacciones_lms (P1–P3), AG-01",R-26
sim_n_tutorias,F3 SIMULADO,"seguimiento_riesgo.tutorias, AG-02","R-23, R-26"
sim_n_tutorias_completadas,F3 SIMULADO,"tutorias.resultado = completada, AG-02","R-23, R-26"
sim_n_alertas,F3 SIMULADO,"alertas_riesgo, AG-03","R-24, R-26"
sim_nivel_alerta_max,F3 SIMULADO,"alertas_riesgo.nivel, AG-03",R-26
sim_alerta_cerrada,F3 SIMULADO,"alertas_riesgo.estado, AG-03","R-24, R-26"
particion,Derivada,"StratifiedGroupKFold(5, seed 42), 1.er pliegue",L-04
archivo_origen,Linaje,matricula.archivo_origen,—
fila_origen,Linaje,matricula.fila_origen,—
